id_persona,id_persona_maestro,nombre,sexo,edad,escolaridad,carrera,Institución,id_institucion,municipio,id_municipio,telefono,correo,grupo_prioritario,vinculacion,fecha_registro,Año,area_carrera,estatus_vinculacion
I-00001-00001,PER-0001,MARIA GUADALUPE NAVA JUAREZ,Femenino,,indefinido,indefinido,Indefinido,,PANOTLA,,2462384695,marianjuarez7@gmail.com,Jóvenes,Inserción Laboral,2025-01-15,2025,indefinido,Vinculado
P-00001-00002,PER-0002,ALEJANDRA LOPEZ MERINO,Femenino,,superior,indefinido,Indefinido,,PANOTLA,,2467572923,cllejalopmeri45@gmail.com,Jóvenes,Prácticas Profesionales,2025-01-16,2025,indefinido,Vinculado
A-00001-00003,PER-0003,GARDENIA HERANANDEZ R,Femenino,,superior,indefinido,UTT,,HUAMANTLA,,2411102605,gardeniahernanadez@uttlaxcala.edu.mx,Jóvenes,Atención,2025-01-17,2025,indefinido,Vinculado
I-00002-00004,PER-0004,EDUARDO ABRIS MORENO,Masculino,,superior,indefinido,Indefinido,,ZACATELCO,,2462347636,eduardoabrism@outlook.com,Jóvenes,Inserción Laboral,2025-01-20,2025,indefinido,Vinculado
I-00003-00005,PER-0005,YASMIN LOBATO LOPEZ,Femenino,,superior,indefinido,UATx,,CONTLA DE JUAN CUAMATZI,,2462097445,yasmin.lobato.cele@gmail.com,Jóvenes,Inserción Laboral,2025-01-20,2025,indefinido,Vinculado
I-00004-00006,PER-0006,DIANA PALACIOS PEREZ,Femenino,,superior,indefinido,UATx,,SANTA CRUZ TLAXCALA,,2411831242,dipape2204@gmail.com,Jóvenes,Inserción Laboral,2025-01-20,2025,indefinido,Vinculado
I-00005-00007,PER-0007,JULISSA LOPEZ MATUS,Femenino,,superior,indefinido,UATx,,IXTENCO,,5543378693,julissalopezm27@gmail.com,Jóvenes,Inserción Laboral,2025-01-20,2025,indefinido,Vinculado
P-00002-00008,PER-0008,ANAHI SORIA LOBATON,Femenino,,superior,indefinido,Universidad Interamericana,,APIZACO,,2414135517,annie.sofia.lob@gmail.com,Jóvenes,Prácticas Profesionales,2025-01-20,2025,indefinido,Vinculado
P-00003-00009,PER-0009,ELVIA VANESSA P.R,Femenino,,superior,indefinido,UTT,,TETLA DE LA SOLIDARIDAD,,2411802699,jonstones0708@gmail.com,Jóvenes,Prácticas Profesionales,2025-01-21,2025,indefinido,Vinculado
P-00004-00010,PER-0010,GUSTAVO ROSETE T.,Masculino,,superior,indefinido,Instituto Tecnológico de Apizaco,,TOTOLAC,,2461064218,rosetegustavo218@gmail.com,Jóvenes,Prácticas Profesionales,2025-01-22,2025,indefinido,Vinculado
I-00006-00011,PER-0011,FRANCISCO ANTONIO PEREZ,Masculino,,superior,indefinido,UPIIT,,ZITLALTEPEC DE TRINIDAD SÁNCHEZ SANTOS,,2471279792,indefinido,Jóvenes,Inserción Laboral,2025-01-27,2025,indefinido,Vinculado
I-00007-00012,PER-0012,TANIA ZARATE GARCIA,Femenino,,superior,indefinido,Instituto Mexicano de Valores,,TETLATLAHUCA,,2464599045,zaratek555@gmail.com,Jóvenes,Inserción Laboral,2025-01-27,2025,indefinido,Vinculado
P-00005-00013,PER-0013,KAROL SINAI R.,Femenino,,superior,indefinido,UATx,,PANOTLA,,2462447442,ruanovakarol@gmail.com,Jóvenes,Prácticas Profesionales,2025-01-27,2025,indefinido,Vinculado
I-00008-00014,PER-0014,FABIOLA TORRES,Femenino,,superior,indefinido,Indefinido,,YAUHQUEMECAN,,5520682034,faby8404403@hormail.com,Jóvenes,Inserción Laboral,2025-01-28,2025,indefinido,Vinculado
A-00002-00015,PER-0015,TRINIDAD G.,Femenino,,superior,indefinido,Indefinido,,CONTLA DE JUAN CUAMATZI,,2411373986,indefinido,Jóvenes,Atención,2025-02-04,2025,indefinido,Vinculado
A-00003-00016,PER-0016,GABRIEL GARRIDO,Masculino,,superior,indefinido,Indefinido,,TEPEYANCO,,2461921162,inhursa.garridop@gmail.com,Jóvenes,Atención,2025-02-05,2025,indefinido,Vinculado
P-00006-00017,PER-0017,ALEXIS SANDOVAL GARCIA,Masculino,,indefinido,indefinido,Indefinido,,APETATITLÁN DE ANTONIO CARVAJAL,,2462244629,reclutamientocampo@mandoprovidencia,Jóvenes,Prácticas Profesionales,,2022,indefinido,Vinculado
P-00007-00018,PER-0018,ANA KAREN COCOLETZI HERNANDEZ,Femenino,,indefinido,indefinido,Indefinido,,SANTA CRUZ TLAXCALA,,2461259577,kcocoletzi4@gmail.com,Jóvenes,Prácticas Profesionales,,2022,indefinido,Vinculado
P-00008-00019,PER-0019,CARLOS FLORES FLORES,Masculino,,indefinido,indefinido,Indefinido,,CONTLA DE JUAN CUAMATZI,,2461068150,cff_10@hotmaol.com,Jóvenes,Prácticas Profesionales,,2022,indefinido,Vinculado
A-00004-00020,PER-0020,UBALDO IBAÑEZ HUERTA,Masculino,,indefinido,indefinido,UTT,,HUAMANTLA,,2461034623,uibanez@hotmail.com,Jóvenes,Atención,,2022,indefinido,Vinculado
A-00005-00021,PER-0021,JOSSIANE ALEXA DIAZ FLORES,Femenino,,indefinido,indefinido,Indefinido,,TLAXCALA,,2461966148,jossidiaz30@gmail.com,Jóvenes,Atención,,2022,indefinido,Vinculado
P-00009-00022,PER-0022,BRENDA BELMANTE GUTIERREZ,Femenino,,indefinido,indefinido,Indefinido,,TLAXCALA,,2471032422,brendaolg.g@gmail.com,Jóvenes,Prácticas Profesionales,,2022,indefinido,Vinculado
P-00010-00023,PER-0023,DANNA PAOLA TOBON BARRIENTOS,Femenino,,indefinido,indefinido,Indefinido,,TLAXCALA,,2411901208,dannatobon28@gmail.com,Jóvenes,Prácticas Profesionales,,2022,indefinido,Vinculado
P-00011-00024,PER-0024,COSET BAEZ CHAMORRO,Masculino,,indefinido,indefinido,Indefinido,,SANCTORUM DE LÁZARO CÁRDENAS,,7491124026,cosetbaezchamorro@outlook.com,Jóvenes,Prácticas Profesionales,,2022,indefinido,Vinculado
P-00012-00025,PER-0025,HUGO TORRES G.,Masculino,,indefinido,indefinido,Indefinido,,XICOHTZINCO,,2218205180,indefinido,Jóvenes,Prácticas Profesionales,,2022,indefinido,Vinculado
I-00009-00026,PER-0026,SAUL HERNANDEZ NUÑEZ,Masculino,,superior,indefinido,UPTx,,AMAXAC DE GUERRERO,,5539571700,hernan8689@gmail.com,Jóvenes,Inserción Laboral,2025-03-27,2025,indefinido,Vinculado
A-00006-00027,PER-0027,HO ALFREDO CONTERO,Masculino,,indefinido,indefinido,Taller Talavera,,SAN PABLO DEL MONTE,,2223164021,indefinido,Jóvenes,Atención,2025-04-01,2025,indefinido,Vinculado
A-00007-00028,PER-0028,ALMA YEMEN SALAS,Femenino,,indefinido,indefinido,Taller Talavera,,SAN PABLO DEL MONTE,,2223142589,psyke1991@hotmail.com,Jóvenes,Atención,2025-04-01,2025,indefinido,Vinculado
A-00008-00029,PER-0029,JATZIRI SARAHI SALAMANIA,Femenino,,superior,indefinido,UATx,,CHIAUTEMPAN,,2462134821,sarali27chumacero@gmail.com,Jóvenes,Atención,2025-04-01,2025,indefinido,Vinculado
A-00009-00030,PER-0030,MONSERRATH MALDONADO RODRIGUEZ,Femenino,,superior,indefinido,UATx,,CONTLA DE JUAN CUAMATZI,,2461574864,rodrigez.monse.maldonado15@gmail.com,Jóvenes,Atención,2025-04-01,2025,indefinido,Vinculado
A-00010-00031,PER-0031,ALEYDIA PEREZ PEREZ,Femenino,,superior,indefinido,Colegio Español,,CHIAUTEMPAN,,2462992432,aleydisp11@gmail.com,Jóvenes,Atención,2025-04-04,2025,indefinido,Vinculado
A-00011-00032,PER-0032,VALENTIN POLVO,Masculino,,superior,indefinido,Indefinido,,LA MAGDALENA TLALTELULCO,,2462582345,indefinido,Jóvenes,Atención,2025-04-09,2025,indefinido,Vinculado
I-00010-00033,PER-0033,ANTONIO GEORGE,Masculino,,superior,indefinido,Indefinido,,LA MAGDALENA TLALTELULCO,,2461152687,indefinido,Jóvenes,Inserción Laboral,2025-04-09,2025,indefinido,Vinculado
I-00011-00034,PER-0034,JORGE ALBERTO FALCON CRUZ,Masculino,,superior,indefinido,Indefinido,,APIZACO,,2412401734,indefinido,Jóvenes,Inserción Laboral,2025-04-10,2025,indefinido,Vinculado
I-00012-00035,PER-0035,ERICK HERNANDEZ DIAZ,Masculino,,superior,indefinido,Indefinido,,ZACATELCO,,2216527567,enckhernandez.music113@gmail.com,Jóvenes,Inserción Laboral,2025-04-14,2025,indefinido,Vinculado
I-00013-00036,PER-0036,MARIA ANTONIA GUEVARA PEREZ,Femenino,,indefinido,indefinido,Indefinido,,CHIAUTEMPAN,,2462168177,tonynava.7012@gmail.com,Jóvenes,Inserción Laboral,2025-05-22,2025,indefinido,Vinculado
I-00014-00037,PER-0037,MOISES HERNANDEZ HENANDEZ,Masculino,,indefinido,indefinido,Indefinido,,APIZACO,,2411103633,moises.hernandez.h@hotmail.com,Jóvenes,Inserción Laboral,2025-07-07,2025,indefinido,Vinculado
P-00013-00038,PER-0038,NANZY TANIA GARCIA AGUILAR,Femenino,,superior,indefinido,UPTREP,,APIZACO,,2412615442,ntga2761@gmail.com,Jóvenes,Prácticas Profesionales,2025-07-07,2025,indefinido,Vinculado
P-00014-00039,PER-0039,CRISTINA GONZALEZ PALACIOS,Femenino,,superior,indefinido,UPTREP,,APIZACO,,2462290263,indefinido,Jóvenes,Prácticas Profesionales,2025-07-08,2025,indefinido,Vinculado
P-00015-00040,PER-0040,ADOLFO ANGEL DIAZ,Masculino,,superior,indefinido,UPTREP,,CUAXOMULCO,,2412157841,diazcorona999@gmail.com,Jóvenes,Prácticas Profesionales,2025-07-08,2025,indefinido,Vinculado
P-00016-00041,PER-0041,ARLED SALOME GARCIA,Femenino,,indefinido,indefinido,Indefinido,,NATIVITAS,,2461049624,salomeailed147@gmail.com,Jóvenes,Prácticas Profesionales,2025-07-11,2025,indefinido,Vinculado
A-00012-00042,PER-0042,MAGRA PEREZ G.,Masculino,,indefinido,indefinido,Indefinido,,TOTOLAC,,2461600360,indefinido,Jóvenes,Atención,,2025,indefinido,Vinculado
P-00017-00043,PER-0043,FELIPE DE JESUS CARMONA TEXIS,Masculino,,superior,indefinido,Indefinido,,PUEBLA,,2214307313,carmonafelipe593@gmail.com,Jóvenes,Prácticas Profesionales,2025-07-11,2025,indefinido,Vinculado
P-00018-00044,PER-0044,AIMARA BELEN SALAZAR CORONA,Femenino,,superior,indefinido,Indefinido,,PANOTLA,,2461730821,mara52r07@gmail.com,Jóvenes,Prácticas Profesionales,2025-07-11,2025,indefinido,Vinculado
P-00019-00045,PER-0045,HECTOR FERNANDO CARMONA LARA,Masculino,,superior,indefinido,Indefinido,,TETLA DE LA SOLIDARIDAD,,2411790930,fernan456yo@gmail.com,Jóvenes,Prácticas Profesionales,2025-07-11,2025,indefinido,Vinculado
P-00020-00046,PER-0046,FERNANDO URIEL HERNANDEZ LOMAS,Masculino,,superior,indefinido,Indefinido,,ZACATELCO,,2461220066,pumafer2004@gmail.com,Jóvenes,Prácticas Profesionales,2025-07-11,2025,indefinido,Vinculado
P-00021-00047,PER-0047,ALBA BRISA MUÑOZ XOCHITIOTZI,Femenino,,superior,indefinido,Indefinido,,CONTLA DE JUAN CUAMATZI,,2214071621,albaxochitiotzi@gmail.com,Jóvenes,Prácticas Profesionales,2025-07-11,2025,indefinido,Vinculado
P-00022-00048,PER-0048,LUIS ALBERTO BAUTISTA ROJO,Masculino,,superior,indefinido,Indefinido,,CONTLA DE JUAN CUAMATZI,,2461639702,luis.alberto.br.004@gmail.com,Jóvenes,Prácticas Profesionales,2025-07-11,2025,indefinido,Vinculado
P-00023-00049,PER-0049,CINTHIA CUATECONTZI CONDE,Femenino,,superior,indefinido,Indefinido,,CONTLA DE JUAN CUAMATZI,,2462973030,cinthiacuatecontzi@gmail.com,Jóvenes,Prácticas Profesionales,2025-07-11,2025,indefinido,Vinculado
P-00024-00050,PER-0050,CONCEPCION VAZQUEZ CUAHUTLE,Femenino,,superior,indefinido,Indefinido,,CONTLA DE JUAN CUAMATZI,,2462185487,cuahutleconcepcion68@gmail.com,Jóvenes,Prácticas Profesionales,2025-08-18,2025,indefinido,Vinculado
P-00025-00051,PER-0051,AREMI LOPEZ JUAREZ,Femenino,,superior,indefinido,Indefinido,,TOTOLAC,,2461279123,aremylopezjuarez4a@gmail.com,Jóvenes,Prácticas Profesionales,2025-08-18,2025,indefinido,Vinculado
A-00013-00052,PER-0052,JOSE M.,Masculino,,superior,indefinido,Indefinido,,Indefinido,,indefinido,indefinido,Jóvenes,Atención,,2025,indefinido,Vinculado
I-00015-00053,PER-0053,DANIELA ADRIANA CORTES CONTRERAS,Femenino,,superior,indefinido,Indefinido,,NATIVITAS,,2462480582,adrianaperez22119@gmail.com,Jóvenes,Inserción Laboral,2025-08-19,2025,indefinido,Vinculado
P-00026-00054,PER-0054,KARLA DIAZ GABI,Femenino,,superior,indefinido,Indefinido,,APIZACO,,2471074421,kddiaz32@gmail.com,Jóvenes,Prácticas Profesionales,2025-08-19,2025,indefinido,Vinculado
P-00027-00055,PER-0055,MARIA TERESITA CONDE CONTRERAS,Femenino,,superior,indefinido,Indefinido,,HUAMANTLA,,2471073208,condeteresita907@gmail.com,Jóvenes,Prácticas Profesionales,2025-08-20,2025,indefinido,Vinculado
I-00016-00056,PER-0056,JORGE GALINDO,Masculino,,superior,indefinido,Indefinido,,TLAXCALA,,2461215887,galindomoyajorge@gmail.com,Jóvenes,Inserción Laboral,2025-08-20,2025,indefinido,Vinculado
P-00028-00057,PER-0057,DIDIER ZAMORA NAGIMMI,Masculino,,superior,indefinido,Indefinido,,PANOTLA,,2462172175,didierzamoran11@gmail.com,Jóvenes,Prácticas Profesionales,2025-08-21,2025,indefinido,Vinculado
P-00029-00058,PER-0058,ALONDRA SANCHEZ TLAMINTZI,Femenino,,superior,Ingeniería en Transporte,UPIIT,,TEPEYANCO,,2461954386,alo9854.sug@gmail.com,Jóvenes,Prácticas Profesionales,2026-02-13,2026,Logística y Transporte,Vinculado
P-00030-00059,PER-0059,ADUARDO HERNANDEZ MURTIEL,Masculino,,superior,Ingeniería en Mantenimiento Industrial,UTT,,TETLA DE LA SOLIDARIDAD,,2412104843,3duard325w@gmail.com,Jóvenes,Prácticas Profesionales,2026-02-13,2026,Mantenimiento,Vinculado
P-00031-00060,PER-0060,KELY STEPHANI SOLIS PAZ,Femenino,,superior,Ingeniería Industrial,UPTx,,CHIAUTEMPAN,,2461083488,sdis.0999tefi@gmail.com,Jóvenes,Prácticas Profesionales,2026-03-11,2026,Industrial y Calidad,Vinculado
P-00032-00061,PER-0061,DULCE MARIA RAMIREZ PERA,Femenino,,superior,Psicología,UATx,,PUEBLA,,2293033611,20221582@gmail.com,Jóvenes,Prácticas Profesionales,2026-06-03,2026,Psicología,Vinculado
P-00033-00062,PER-0062,KARLA SANCHEZ VALENCIA,Femenino,,superior,Psicología,UATx,,IXTACUIXTLA DE MARIANO MATAMOROS,,2461876835,katysan877@gmail.com,Jóvenes,Prácticas Profesionales,2026-06-03,2026,Psicología,Vinculado
P-00034-00063,PER-0063,BRENDA CALDERON BUENAVISTA,Femenino,,superior,Psicología,UATx,,PUEBLA,,5585058009,brenbuenavista3@gmail.com,Jóvenes,Prácticas Profesionales,2026-06-03,2026,Psicología,Vinculado
I-00017-00064,PER-0064,WENDOLIN ZAINOS XOCHITIOTZI,Femenino,,indefinido,Ayudante General,Indefinido,,AMAXAC DE GUERRERO,,2462397055,wendi1982zainos@gmail.com,Jóvenes,Inserción Laboral,2026-06-05,2026,Sin área específica,Vinculado
I-00018-00065,PER-0065,FELICITOS NETZAHUAL BAUTISTA,Masculino,,indefinido,Ayudante General,Indefinido,,CONTLA DE JUAN CUAMATZI,,2461265787,felicidad311970@gmail.com,Jóvenes,Inserción Laboral,2026-06-05,2026,Sin área específica,Vinculado
P-00035-00066,PER-0066,DIEGO RAMOS XOCHITIOTZI,Masculino,,superior,Ingeniería Financiera,UPTx,,APETATITLÁN DE ANTONIO CARVAJAL,,4761027571,die34mar@gmail.com,Jóvenes,Prácticas Profesionales,2026-06-09,2026,Economía y Finanzas,Vinculado
P-00036-00067,PER-0067,DANIEL BRIONES MONTES,Masculino,,superior,Ingeniería Mecatrónica,UDLAP,,TLAXCALA,,2211518701,danbriones11@gmail.com,Jóvenes,Prácticas Profesionales,2026-02-03,2026,Mecánica y Mecatrónica,Vinculado
P-00037-00068,PER-0068,OSCAR BONILLA CHAVEZ,Masculino,,superior,Derecho,UATx,,TLAXCALA,,2221827261,oscar1901@hotmail.com,Jóvenes,Prácticas Profesionales,2026-02-04,2026,Derecho y Seguridad,Vinculado
P-00038-00069,PER-0069,KARINA PEÑA VAZQUEZ,Femenino,,superior,Contaduría y Finanzas,UATx,,SANTA CRUZ TLAXCALA,,2464933771,kari.pv.28@gmail.com,Jóvenes,Prácticas Profesionales,2026-02-10,2026,Contabilidad y Finanzas,Vinculado
P-00039-00070,PER-0070,LORENA CUATECONTZI BAUTISTA,Femenino,,superior,Contaduría Pública,UATx,,CONTLA DE JUAN CUAMATZI,,2461180394,lorenacuatecontzi@gmail.com,Jóvenes,Prácticas Profesionales,2026-02-17,2026,Contabilidad y Finanzas,Vinculado
I-00019-00071,PER-0071,JOSE EDUARDO HERNANDEZ GONZALEZ,Masculino,,superior,Almacén y Logística,Preparatoria,,HUAMANTLA,,2474757901,hernandezjoseeduard021@gmail.com,Jóvenes,Inserción Laboral,2026-02-23,2026,Logística y Transporte,Vinculado
P-00040-00072,PER-0072,FLOR DE JANETTE LOPEZ P.,Femenino,,superior,Psicología,UATx,,TLAXCALA,,2463092666,iflord620@gmail.com,Jóvenes,Prácticas Profesionales,2026-02-26,2026,Psicología,Vinculado
P-00041-00073,PER-0073,CRISTINA ARENAS LUNA,Femenino,,superior,Ingeniería en Tecnologías de la Información y Comunicación,Instituto Tecnológico de Apizaco,,CHIAUTEMPAN,,2462431888,cristina25arenas@gmail.com,Jóvenes,Prácticas Profesionales,2026-02-27,2026,TI y Sistemas,Vinculado
P-00042-00074,PER-0074,ALINE ESCALONA VEGA,Femenino,,superior,Psicología,BUAP,,IXTENCO,,2472046980,alineescalonavega@gmail.com,Jóvenes,Prácticas Profesionales,2026-03-03,2026,Psicología,Vinculado
A-00014-00075,PER-0075,JAVIER SOLIS VENTURA,Masculino,,indefinido,indefinido,Indefinido,,IXTENCO,,2471194224,r4javiersv@gmail.com,Jóvenes,Atención,,2022,indefinido,Vinculado
A-00015-00076,PER-0076,ALEJANDRA ANGOA APARICIO,Femenino,,indefinido,indefinido,Indefinido,,IXTENCO,,2471076234,r5.alejandraaa@gmail.com,Jóvenes,Atención,,2022,indefinido,Vinculado
A-00016-00077,PER-0077,ALBERTO PAIS RUGERIO,Masculino,,indefinido,indefinido,Indefinido,,ZACATELCO,,2461497298,cobain-narvi@hotmail.com,Jóvenes,Atención,,2022,indefinido,Vinculado
A-00017-00078,PER-0078,ELISABETH FERNANDEZ DEL X.,Femenino,,indefinido,indefinido,Indefinido,,TLAXCALA,,2461041007,elisabeth.fernandez@tlaxcala.conalep.edu.mx,Jóvenes,Atención,,2022,indefinido,Vinculado
A-00018-00079,PER-0079,JOSE VILLAR HERNANDEZ,Masculino,,indefinido,indefinido,Indefinido,,APIZACO,,2411353796,jose.villa@tlaxcala.conalep.edu.mx,Jóvenes,Atención,,2022,indefinido,Vinculado
A-00019-00080,PER-0080,IVONNE ELIZABETH PALAFOX ISLAS,Femenino,,indefinido,indefinido,Indefinido,,CUAPIAXTLA,,2761071490,dirsocialivonne2427@gmail.com,Jóvenes,Atención,,2022,indefinido,Vinculado
A-00020-00081,PER-0081,VIANNEY MONTES S.,Femenino,,indefinido,indefinido,Indefinido,,APIZACO,,2411082392,viajonny_ms06@hotmail.com,Jóvenes,Atención,,2022,indefinido,Vinculado
A-00021-00082,PER-0082,FERNANDO LOBATON HERNANDEZ,Masculino,,superior,indefinido,Indefinido,,APIZACO,,2411188192,ferlob_2990@hotmail.com,Jóvenes,Atención,,2022,indefinido,Vinculado
A-00022-00083,PER-0083,MONSERRAT ANDREY CUENCAS,Femenino,,superior,indefinido,Indefinido,,PANOTLA,,2462082912,andreysaldana3@gmail.com,Jóvenes,Atención,,2022,indefinido,Vinculado
A-00023-00084,PER-0084,BIBIANO MONTIEL R.,Masculino,,indefinido,indefinido,Indefinido,,CUAXOMULCO,,2411277383,cuaxomulcodesarrollo@gmail.com,Jóvenes,Atención,,2022,indefinido,Vinculado
A-00024-00085,PER-0085,NATANAEL TONATIUH HERNANDEZ ORTEGA,Masculino,,superior,indefinido,UPTx,,PANOTLA,,2463326043,natanaeltonatiuhho@gmail.com,Jóvenes,Atención,,2022,indefinido,Vinculado
A-00025-00086,PER-0086,BEATRIZ MONTIEL S.,Femenino,,indefinido,indefinido,Indefinido,,CUAXOMULCO,,2411584904,betymonts@hotmail.com,Jóvenes,Atención,,2022,indefinido,Vinculado
A-00026-00087,PER-0087,LUCERO SARAHI HERRERA ROMERO,Femenino,,superior,indefinido,BUAP,,SANTA ANA NOPALUCAN,,2461924195,luceritorome5@gmail.com,Jóvenes,Atención,,2022,indefinido,Vinculado
A-00027-00088,PER-0088,RAUL AHUATZI BELLO,Masculino,,superior,indefinido,UPTx,,CHIAUTEMPAN,,2463304477,raul.abo71104@gmail.com,Jóvenes,Atención,,2022,indefinido,Vinculado
A-00028-00089,PER-0089,RAFAEL SANCHEZ TERON,Masculino,,superior,indefinido,UVT,,APIZACO,,2461159195,indefinido,Jóvenes,Atención,,2022,indefinido,Vinculado
A-00029-00090,PER-0090,ROMAN TECPA PEREZ,Masculino,,superior,indefinido,UPTx,,SAN DAMIÁN TEXOLOC,,2462702709,rtecpaperez@gmail.com,Jóvenes,Atención,,2022,indefinido,Vinculado
A-00030-00091,PER-0091,MIRIAM JIMENEZ HERNANDEZ,Femenino,,superior,indefinido,UPTx,,SAN DAMIÁN TEXOLOC,,2463346596,miriamjim31@gmail.com,Jóvenes,Atención,,2022,indefinido,Vinculado
A-00031-00092,PER-0092,ANEL HERNANDEZ HERNANDEZ,Femenino,,superior,indefinido,ITA,,TETLA DE LA SOLIDARIDAD,,2411082231,hanel2858@gmail.com,Jóvenes,Atención,,2022,indefinido,Vinculado
A-00032-00093,PER-0093,CRISTAL ROJAS RAMIREZ,Femenino,,superior,Ingeniería en Biotecnología,UPTx,,SAN LORENZO AXOCOMANITLA,,2462095002,ramirezcristal857@gmail.com,Jóvenes,Atención,,2025,Química y Biotecnología,Vinculado
A-00033-00094,PER-0094,AXEL JOSAFAT MORALES MATLALCUATZI,Masculino,,superior,Ingeniería Industrial,UPTx,,LA MAGDALENA TLALTELULCO,,2463674431,yossmorales2342@gmail.com,Jóvenes,Atención,,2025,Industrial y Calidad,Vinculado
A-00034-00095,PER-0095,LIZETH ABIGAIL ZARATE LOPEZ,Femenino,,superior,Ingeniería Financiera,UPTx,,IXTACUIXTLA DE MARIANO MATAMOROS,,2212764657,zarate_ab@hotmail.com,Jóvenes,Atención,,2025,Economía y Finanzas,Vinculado
A-00035-00096,PER-0096,MANUEL GUTIERREZ ZOCALO,Masculino,,superior,Ingeniería Industrial,UPTx,,TETLATLAHUCA,,9981904704,gutierrezmanuel524@gmail.com,Jóvenes,Atención,,2025,Industrial y Calidad,Vinculado
A-00036-00097,PER-0097,JOSE OMAR IPATZI INFANTE,Masculino,,superior,Ingeniería Industrial,UPTx,,CHIAUTEMPAN,,2461300244,omaripatzi@gmail.com,Jóvenes,Atención,,2025,Industrial y Calidad,Vinculado
A-00037-00098,PER-0098,ANGEL PINTOR TEXPAN,Masculino,,superior,indefinido,UATx,,ZACATELCO,,indefinido,pintor110@hotmail.com,Jóvenes,Atención,,2025,indefinido,Vinculado
P-00043-00099,PER-0099,IVAN CABALLERO JARAMILLO,Masculino,,superior,indefinido,UATx,,IXTACUIXTLA DE MARIANO MATAMOROS,,indefinido,icaballero976@gmail.com,Jóvenes,Prácticas Profesionales,,2025,indefinido,Vinculado
A-00038-00100,PER-0100,JULIA ROLDAN FLORES,Femenino,,indefinido,indefinido,Indefinido,,PANOTLA,,2461496412,pendiente,Jóvenes,Atención,2026-01-13,2026,indefinido,Vinculado
A-00039-00101,PER-0101,CONCEPCION ROLDAN FLORES,Femenino,,indefinido,indefinido,UATx,,PANOTLA,,2463342640,pendiente,Jóvenes,Atención,2026-01-13,2026,indefinido,Vinculado
P-00044-00102,PER-0102,NUZHET GWYNETH MUÑOZ MUNIVE,Femenino,,superior,Contaduría Pública,UATx,,CONTLA DE JUAN CUAMATZI,,2461595529,nuzgwyneth@gnmail.com,Jóvenes,Prácticas Profesionales,2026-06-30,2026,Contabilidad y Finanzas,Vinculado
P-00045-00103,PER-0103,VALERIA MONSERRAT CORTES CABRERA,Femenino,,superior,Contaduría Pública,UATx,,YAUHQUEMECAN,,2411541620,valemonserratcostesc@gmail.com,Jóvenes,Prácticas Profesionales,2026-06-30,2026,Contabilidad y Finanzas,Vinculado
P-00046-00104,PER-0104,MARIANA SANCHEZ IGLESIAS,Femenino,,superior,Contaduría Pública,UATx,,SANTA CRUZ TLAXCALA,,2411047111,marianasancheziglesias999@gmail.com,Jóvenes,Prácticas Profesionales,2026-06-30,2026,Contabilidad y Finanzas,Vinculado
P-00047-00105,PER-0105,ANGEL GABRIEL POLVO ONOFRE,Masculino,,superior,Contaduría Pública,UATx,,LA MAGDALENA TLALTELULCO,,2462632580,gabopolvo@gmail.com,Jóvenes,Prácticas Profesionales,2026-06-30,2026,Contabilidad y Finanzas,Vinculado
P-00048-00106,PER-0106,JONATHAN HERNANDEZ HERNANDEZ,Masculino,,Superior,Negocios Internacionales,UATx,,APIZACO,,2412203947,jonahdez0426@gmail.com,Jóvenes,Prácticas Profesionales,,,Comercio Internacional,Vinculado
P-00049-00107,PER-0107,XIMENA PATRICIA ROMERO CONDE,Femenino,22.0,Superior,Negocios Internacionales,UATx,,TLAXCALA,,2461501472,rximena660@gmail.com,Jóvenes,Prácticas Profesionales,,,Comercio Internacional,Vinculado
P-00050-00108,PER-0108,ARLETH MONTES CERVANTES,Femenino,,Superior,Negocios Internacionales,UATx,,TLAXCALA,,2461222795,montesarleth06@gmail.com,Jóvenes,Prácticas Profesionales,,,Comercio Internacional,Vinculado
P-00051-00109,PER-0109,ANDREA AVILES PEREZ,Femenino,,Superior,Negocios Internacionales,UATx,,PAPALOTLA DE XICOHTÉNCATL,,2226116506,apxandreax@gmail.com,Jóvenes,Prácticas Profesionales,,,Comercio Internacional,Vinculado
P-00052-00110,PER-0110,JUAN ALBERTO AGUILAR MENDIETA,Masculino,,Superior,Negocios Internacionales,UATx,,SAN FRANCISCO TETLANOHCAN,,2461781285,aguilar.mendieta03@gmail.com,Jóvenes,Prácticas Profesionales,,,Comercio Internacional,Vinculado
P-00053-00111,PER-0111,ALEXANDER OLVERA GONZALEZ,Masculino,,Superior,Administración,UATx,,NATIVITAS,,2461265030,alexander162031@gmail.com,Jóvenes,Prácticas Profesionales,,,Administración,Vinculado
P-00054-00112,PER-0112,YARELI SANCHEZ VALENCIA,Femenino,,Superior,Administración,UATx,,PANOTLA,,2218081693,yareli.valen134@gmail.com,Jóvenes,Prácticas Profesionales,,,Administración,Vinculado
P-00055-00113,PER-0113,CLAUDIA PAOLA COVARRUBIAS LARA,Femenino,22.0,Superior,Negocios Internacionales,UATx,,NATIVITAS,,2462025967,covarrubiaslaraclaudiapaola@gmail.com,Jóvenes,Prácticas Profesionales,,,Comercio Internacional,Vinculado
P-00056-00114,PER-0114,HANNIA ESPERANZA OGARRIO HERNANDEZ,Femenino,,Superior,Negocios Internacionales,UATx,,YAUHQUEMECAN,,2412409722,hanniapgarrio@gmail.com,Jóvenes,Prácticas Profesionales,,,Comercio Internacional,Vinculado
P-00057-00115,PER-0115,MONTSERRAT SANTACRUZ SANCHEZ,Femenino,,Superior,Negocios Internacionales,UATx,,TOTOLAC,,2462211705,montsesan331@gmail.com,Jóvenes,Prácticas Profesionales,,,Comercio Internacional,Vinculado
P-00058-00116,PER-0116,YAZMIN MORENO JIMENEZ,Femenino,,Superior,Negocios Internacionales,UATx,,SAN DAMIÁN TEXOLOC,,2463304186,moreno.j.yazmin@gmail.com,Jóvenes,Prácticas Profesionales,,,Comercio Internacional,Vinculado
P-00059-00117,PER-0117,GUADALUPE ABIGAIL HERNANDEZ ESTRADA,Femenino,,Superior,Negocios Internacionales,UATx,,TLAXCALA,,7491143591,hernandezestradag171@gmail.com,Jóvenes,Prácticas Profesionales,,,Comercio Internacional,Vinculado
P-00060-00118,PER-0118,ROBERTO CARLOS MUÑOZ MARAÑON,Masculino,,Superior,Negocios Internacionales,UATx,,TEPEYANCO,,2461385433,robertlosm04@gmail.com,Jóvenes,Prácticas Profesionales,,,Comercio Internacional,Vinculado
P-00061-00119,PER-0119,MARIA ESTEFANY FLORES AHUATZI,Femenino,,Superior,Negocios Internacionales,UATx,,CHIAUTEMPAN,,2462142526,phany04fa@gmail.com,Jóvenes,Prácticas Profesionales,2026-01-07,2026,Comercio Internacional,Vinculado
P-00062-00120,PER-0120,MELISSA JUAREZ,Femenino,,Superior,Negocios Internacionales,UATx,,AMAXAC DE GUERRERO,,2461165271,melissahuarez913@gmail.com,Jóvenes,Prácticas Profesionales,2026-01-05,2026,Comercio Internacional,Vinculado
P-00063-00121,PER-0121,VALERIA PEREZ MENDIETA,Femenino,,Superior,Negocios Internacionales,UATx,,TLAXCALA,,2461809905,valemendieta1023@gmail.com,Jóvenes,Prácticas Profesionales,2026-01-05,2026,Comercio Internacional,Vinculado
P-00064-00122,PER-0122,KARLA FERNANDEZ CUAMATZI,Femenino,,Superior,Negocios Internacionales,UATx,,SANTA CRUZ TLAXCALA,,2414200619,karlfertzi@gmail.com,Jóvenes,Prácticas Profesionales,2026-01-05,2026,Comercio Internacional,Vinculado
P-00065-00123,PER-0123,JULIETA ANAHI DIAZ HERNANDEZ,Femenino,,Superior,Negocios Internacionales,UATx,,IXTACUIXTLA DE MARIANO MATAMOROS,,2482265750,julidh2212@gmail.com,Jóvenes,Prácticas Profesionales,2026-01-05,2026,Comercio Internacional,Vinculado
P-00066-00124,PER-0124,YAMILE DOMINGUEZ ZACAMOLPA,Femenino,,Superior,Negocios Internacionales,UATx,,CHIAUTEMPAN,,2463106936,dyamile321@gmai.com,Jóvenes,Prácticas Profesionales,2026-01-06,2026,Comercio Internacional,Vinculado
P-00067-00125,PER-0125,TANIA XIMENA PORTILLA MUÑOZ,Femenino,,Superior,Negocios Internacionales,UATx,,CHIAUTEMPAN,,2461794427,portillatania10@gmail.com,Jóvenes,Prácticas Profesionales,2026-01-08,2026,Comercio Internacional,Vinculado
P-00068-00126,PER-0126,ALEJANDRA MARQUEZ VALERDI,Femenino,,Superior,Negocios Internacionales,UATx,,TLAXCALA,,2461748811,alejandra2003valerdi@gmail.com,Jóvenes,Prácticas Profesionales,2026-01-09,2026,Comercio Internacional,Vinculado
P-00069-00127,PER-0127,LINDA KAREN VAZQUEZ MENDEZ,Femenino,,Superior,Contaduría Pública,UATx,,SANTA ANA NOPALUCAN,,2462236956,karenvazquez2125@gmail.com,Jóvenes,Prácticas Profesionales,2026-01-12,2026,Contabilidad y Finanzas,Vinculado
P-00070-00128,PER-0128,ITZAMARA AYAPANTECATL ZECUA,Femenino,,Superior,Contaduría Pública,UPTx,,CHIAUTEMPAN,,2462383463,itzaayapontecatl@gmail.com,Jóvenes,Prácticas Profesionales,2026-01-12,2026,Contabilidad y Finanzas,Vinculado
P-00071-00129,PER-0129,ELENA YAQUELINE NUÑEZ XOCHIPA,Femenino,,Superior,Ingeniería Financiera,ITSSMT,,APIZACO,,2411587043,elenayaqueline@gmail.com,Jóvenes,Prácticas Profesionales,2026-01-12,2026,Economía y Finanzas,Vinculado
P-00072-00130,PER-0130,JESUS GERARDO POLVO MUÑOZ,Masculino,,Superior,Contaduría Pública,ITSSMT,,LA MAGDALENA TLALTELULCO,,2463356185,jesuszgerardo@gmail.com,Jóvenes,Prácticas Profesionales,2026-01-12,2026,Contabilidad y Finanzas,Vinculado
P-00073-00131,PER-0131,EDUARDO SALAS HERNANDEZ,Masculino,,Superior,Contaduría Pública,UPTx,,IXTACUIXTLA DE MARIANO MATAMOROS,,2464690897,salaslalo98@gmail.com,Jóvenes,Prácticas Profesionales,2026-01-12,2026,Contabilidad y Finanzas,Vinculado
P-00074-00132,PER-0132,MILEIDY PEREZ CORTEZ,Femenino,,Superior,Ingeniería Financiera,ITSSMT,,MUÑOZ DE DOMINGO ARENAS,,2411857319,perezmili802@gmail.com,Jóvenes,Prácticas Profesionales,2026-01-12,2026,Economía y Finanzas,Vinculado
P-00075-00133,PER-0133,JESSICA VIOLETA CANO HERNANDEZ,Femenino,,Superior,Contaduría Pública,,,TEPETITLA DE LARDIZÁBAL,,2212481999,jessicacano945@gmail.com,Jóvenes,Prácticas Profesionales,2026-01-13,2026,Contabilidad y Finanzas,Vinculado
P-00076-00134,PER-0134,CITLALI ARANETH LOPEZ RIOS,Femenino,,Superior,Sin Información,UATx,,Indefinido,,2461565502,sincorreogmail.com,Jóvenes,Prácticas Profesionales,,,Sin Información,Vinculado
P-00077-00135,PER-0135,MONSERRAT PAREDES CORTES,Femenino,,Superior,Negocios Internacionales,UATx,,YAUHQUEMECAN,,2411352864,paredescortesmon21@gmail.com,Jóvenes,Prácticas Profesionales,2026-01-14,2026,Comercio Internacional,Vinculado
P-00078-00136,PER-0136,MARIANA HERNANDEZ DURAN,Femenino,,Superior,Negocios Internacionales,UATx,,YAUHQUEMECAN,,2414117497,mar.hdurann@gmail.com,Jóvenes,Prácticas Profesionales,2026-01-15,2026,Comercio Internacional,Vinculado
P-00079-00137,PER-0137,EVELYN MORALES HERNANDEZ,Femenino,,Superior,Negocios Internacionales,UPTx,,APIZACO,,2411256265,moralesheve14@gmail.com,Jóvenes,Prácticas Profesionales,2026-01-15,2026,Comercio Internacional,Vinculado
P-00080-00138,PER-0138,EDYMAEL MUÑOZ MEZA,Masculino,,Superior,Ingeniería Financiera,UPTx,,PANOTLA,,2461912204,edymmong@gmail.com,Jóvenes,Prácticas Profesionales,2026-01-19,2026,Economía y Finanzas,Vinculado
P-00081-00139,PER-0139,KENDRA MICHELLE MUÑOZ CARMONA,Femenino,,Superior,Ingeniería Financiera,UPTx,,PANOTLA,,2462062436,kendracar123@gmail.com,Jóvenes,Prácticas Profesionales,2026-01-20,2026,Economía y Finanzas,Vinculado
P-00082-00140,PER-0140,ALISON LORELEY LOPEZ SOLIS,Femenino,,Superior,Negocios Internacionales,UPTx,,CHIAUTEMPAN,,2462951971,alisonlpz18@gmail.com,Jóvenes,Prácticas Profesionales,2026-01-23,2026,Comercio Internacional,Vinculado
P-00083-00141,PER-0141,MONSERRAT JENNIFER CANDIA ORTIZ,Femenino,,Superior,Ingeniería Financiera,Instituto Tecnológico de Apizaco,,TLAXCALA,,2223801536,cajennifer51@gmail.com,Jóvenes,Prácticas Profesionales,2026-01-21,2026,Economía y Finanzas,Vinculado
P-00084-00142,PER-0142,ALEXANDRA GARCIA MONTIEL,Femenino,,Superior,Ingeniería en Gestión Empresarial,Instituto Tecnológico de Apizaco,,APIZACO,,2411222249,alexhamontiel08@gmail.com,Jóvenes,Prácticas Profesionales,2026-01-30,2026,Administración,Vinculado
P-00085-00143,PER-0143,ABRAHAM RAMIREZ RAMOS,Masculino,,Superior,Ingeniería Mecatrónica,Instituto Tecnológico de Apizaco,,APIZACO,,2411477130,abrahamramirez774@gmail.com,Jóvenes,Prácticas Profesionales,2026-01-30,2026,Mecánica y Mecatrónica,Vinculado
P-00086-00144,PER-0144,EDWIN JULIAN FLORES RAMIREZ,Masculino,,Superior,Ingeniería Electromecánica,UPTx,,SANTA CATARINA AYOMETLA,,2461916239,edwinjufr@gmail.com,Jóvenes,Prácticas Profesionales,2026-01-30,2026,Mecánica y Mecatrónica,Vinculado
P-00087-00145,PER-0145,KEVIN SANTIAGO HERNANDEZ HERNANDEZ,Masculino,21.0,Superior,Ingeniería Mecatrónica,Universidad Abierta y a Distancia de México,,AMAXAC DE GUERRERO,,2462034563,kevinsantiagohernandez3@gmail.com,Jóvenes,Prácticas Profesionales,2026-01-30,2026,Mecánica y Mecatrónica,Vinculado
P-00088-00146,PER-0146,WILBERTH URIEL MORA TLAPALE,Masculino,,Superior,Logística y Transporte,UATx,,SAN LORENZO AXOCOMANITLA,,2461735569,wmt_04@hotmail.com,Jóvenes,Prácticas Profesionales,2026-02-10,2026,Logística y Transporte,Vinculado
S-00001-00147,PER-0147,OSMAR APANCO GALVES,Masculino,21.0,Superior,Administración,UATx,,PAPALOTLA DE XICOHTÉNCATL,,2213491274,osmarapanco650@gmail.com,Jóvenes,Servicio Social,,,Administración,Vinculado
S-00002-00148,PER-0148,JUAN CARLOS VAZQUEZ CONTRERAS,Masculino,21.0,Superior,Administración,UATx,,HUAMANTLA,,2431224285,juancarlosvazquezcontreras8@gmail.com,Jóvenes,Servicio Social,,,Administración,Vinculado
S-00003-00149,PER-0149,DANIELA XOCHITEMOL ROMANO,Femenino,22.0,Superior,Administración,UVT,,CONTLA DE JUAN CUAMATZI,,2461881067,danielaxochitemolr@gmail.com,Jóvenes,Servicio Social,,,Administración,Vinculado
S-00004-00150,PER-0150,SANDY CARRETO ALVAREZ,Femenino,,Superior,Negocios Internacionales,UATx,,MUÑOZ DE DOMINGO ARENAS,,2411977436,tatisd2@gmail.com,Jóvenes,Servicio Social,2026-01-14,2026,Comercio Internacional,Vinculado
S-00005-00151,PER-0151,ALEXANDRA BEATRIZ HERNANDEZ MARTINEZ,Femenino,,Superior,Administración,UATx,,YAUHQUEMECAN,,7491061460,alexandrahm04@icloud.com,Jóvenes,Servicio Social,2026-01-14,2026,Administración,Vinculado
S-00006-00152,PER-0152,BETZI ARIZBETH REYES PORTILLO,Femenino,,Superior,Negocios Internacionales,UATx,,SAN DAMIÁN TEXOLOC,,2461926625,arizbetzy@gmail.com,Jóvenes,Servicio Social,2026-01-16,2026,Comercio Internacional,Vinculado
S-00007-00153,PER-0153,ALEXIA ZEMPOALTECA PAPACETZI,Femenino,,Superior,Negocios Internacionales,UATx,,Indefinido,,2461570631,alejc2722@gmail.com,Jóvenes,Servicio Social,,,Comercio Internacional,Vinculado
S-00008-00154,PER-0154,WENDY SHERLYN ATONAL VAZQUEZ,Femenino,,Superior,Ciencias Políticas y Administración Pública,UATx,,Indefinido,,2411376369,shervazquez502@gmail.com,Jóvenes,Servicio Social,2026-01-20,2026,Ciencias Sociales,Vinculado
S-00009-00155,PER-0155,ANA BELEN ROSAS CERVANTES,Femenino,,Superior,Ciencias Políticas y Administración Pública,UATx,,TETLATLAHUCA,,2462226229,anabellrosas@gmail.com,Jóvenes,Servicio Social,2026-01-21,2026,Ciencias Sociales,Vinculado
S-00010-00156,PER-0156,XIMENA MARTINEZ BENAVIDES,Femenino,,Media Superior,Sin Información,UATx,,TLAXCALA,,2461217564,ximenamartinezbenavides@gmail.com,Jóvenes,Servicio Social,2026-01-21,2026,Sin Información,Vinculado
S-00011-00157,PER-0157,LUIS DANIEL ALCANTARA,Masculino,,Media Superior,Sin Información,UATx,,TLAXCALA,,2462615820,alcantaram@gmail.com,Jóvenes,Servicio Social,2026-01-26,2026,Sin Información,Vinculado
I-00020-00158,PER-0158,JOSHE PATRICIO PEREZ CASTILLEJOS,Masculino,,Superior,Ingeniería Mecatrónica,UATx,,TLAXCALA,,2461308906,jospatricioperez@gmail.com,Jóvenes,Inserción Laboral,,,Mecánica y Mecatrónica,Vinculado
I-00021-00159,PER-0159,SAUL VAZQUEZ JIMENEZ,Masculino,,Superior,Ingeniería en Sistemas Computacionales,UATx,,ESTADO DE MÉXICO,,2212299535,saulvazquezjimenez.07@gmail.com,Jóvenes,Inserción Laboral,,,TI y Sistemas,Vinculado
I-00022-00160,PER-0160,MOISES ROMERO NUÑEZ,Masculino,,Superior,Ciencias de la Educación,UATx,,ESTADO DE MÉXICO,,2481748893,mm122002@gmail.com,Jóvenes,Inserción Laboral,,,Educación,Vinculado
I-00023-00161,PER-0161,JORGE PINO,Masculino,,Superior,Ingeniería Industrial,UATx,,Indefinido,,4423724905,jorge.a.pino.q@gmail.com,Jóvenes,Inserción Laboral,,,Industrial y Calidad,Vinculado
I-00024-00162,PER-0162,MARIA CRISTINA FLORES CUAMANTZI,Femenino,,Superior,Economía,UATx,,CONTLA DE JUAN CUAMATZI,,5540576090,m_fc10@hotmail.com,Jóvenes,Inserción Laboral,2026-01-12,2026,Economía y Finanzas,Vinculado
I-00025-00163,PER-0054,KARLA DIAZ GABI,Femenino,,Superior,Administración,UATx,,HUAMANTLA,,2471074421,kddiaz32@gmail.com,Jóvenes,Inserción Laboral,2026-01-12,2026,Administración,Vinculado
I-00026-00164,PER-0055,MARIA TERESITA CONDE CONTRERAS,Femenino,,Superior,Administración,UATx,,HUAMANTLA,,2471073208,condeteresita907@gmail.com,Jóvenes,Inserción Laboral,2026-01-12,2026,Administración,Vinculado
I-00027-00165,PER-0164,SAYRA BELEM FILIBERTO FEDERICO,Femenino,,Superior,Ingeniería en Sistemas Automotrices,UATx,,SAN DAMIÁN TEXOLOC,,2464940892,filbertosayra27@outlook.com,Jóvenes,Inserción Laboral,2026-01-13,2026,Sistemas Automotrices,Vinculado
I-00028-00166,PER-0165,MACARIO ROLDAN PEREZ,Masculino,,Sin Dato,Sin Información,UATx,,PANOTLA,,2462227198,perezroldanedgar0@gmail.com,Jóvenes,Inserción Laboral,2026-01-19,2026,Sin Información,Vinculado
I-00029-00167,PER-0166,ALFREDO ROSAS MENDEZ,Masculino,,Superior,Ingeniería Electromecánica,UATx,,HIDALGO,,775149329,arosasmendez.80@gmail.com,Jóvenes,Inserción Laboral,2026-01-20,2026,Mecánica y Mecatrónica,Vinculado
I-00030-00168,PER-0167,BRENDA LOPEZ TUXPAN,Femenino,,Superior,Administración,UATx,,SAN LORENZO AXOCOMANITLA,,2461850070,brendalop7@gmail.com,Jóvenes,Inserción Laboral,2026-01-23,2026,Administración,Vinculado
I-00031-00169,PER-0168,ANAHI ARENAS CORONA,Femenino,,Superior,Negocios Internacionales,UATx,,HUAMANTLA,,5566757849,arenas0109@icloud.com,Jóvenes,Inserción Laboral,2026-01-26,2026,Comercio Internacional,Vinculado
I-00032-00170,PER-0169,FRANCISCO ROMANO MENDEZ,Masculino,,Superior,Ingeniería Eléctrica,UATx,,SAN LORENZO AXOCOMANITLA,,2461068689,francisco.70rmxa@gmail.com,Jóvenes,Inserción Laboral,2026-01-26,2026,Electricidad y Electrónica,Vinculado
I-00033-00171,PER-0170,ELIZABETH LIMA VALENCIA,Femenino,,Superior,Administración,UATx,,PANOTLA,,2462388914,limaelizabeth904@gmail.com,Jóvenes,Inserción Laboral,2026-01-29,2026,Administración,Vinculado
I-00034-00172,PER-0171,JESSICA ZARATE JUAREZ,Femenino,,Superior,Ciencias de la Educación,UATx,,CHIAUTEMPAN,,2461577585,jessicazaratejuarez@gmail.com,Jóvenes,Inserción Laboral,2026-01-29,2026,Educación,Vinculado
I-00035-00173,PER-0067,DANIEL BRIONES MONTES,Masculino,,Superior,Ingeniería Mecatrónica,UATx,,TLAXCALA,,2211518701,dan.briones11@gmail.com,Jóvenes,Inserción Laboral,2026-02-03,2026,Mecánica y Mecatrónica,Vinculado
I-00036-00174,PER-0068,OSCAR ISMAEL BONILLA CHAVEZ,Masculino,,Superior,Derecho,UATx,,TLAXCALA,,2221827261,oscar1901@hotmail.es,Jóvenes,Inserción Laboral,2026-02-04,2026,Derecho y Seguridad,Vinculado
I-00037-00175,PER-0069,KARINA PEÑA VAZQUEZ,Femenino,,Superior,Contaduría y Finanzas,UATx,,SANTA CRUZ TLAXCALA,,2464933771,kari.pv.28@gmail.com,Jóvenes,Inserción Laboral,2026-02-10,2026,Contabilidad y Finanzas,Vinculado
A-00040-00176,PER-0174,FERNANDO CONEJO MONTUFAR,Masculino,,Superior,Derecho,UATx,,APIZACO,,2461005531,cpctlax@gmail.com,Jóvenes,Atención,,,Derecho y Seguridad,Vinculado
A-00041-00177,PER-0100,JULIA ROLDAN FLORES,Femenino,,Sin Dato,Sin Información,UATx,,PANOTLA,,2461496412,sincorreogmail.com,Jóvenes,Atención,2026-01-13,2026,Sin Información,Vinculado
A-00042-00178,PER-0101,CONCEPCION ROLDAN FLORES,Femenino,,Sin Dato,Sin Información,UATx,,PANOTLA,,2463342640,sincorreogmail.com,Jóvenes,Atención,2026-01-13,2026,Sin Información,Vinculado
I-00038-00179,PER-0175,OSMAR MORALES,Masculino,27.0,Superior,Economía,,,HUAMANTLA,,2471245324,osmar.deluismorales@gmail.com,Jóvenes,Inserción Laboral,,,Economía y Finanzas,Vinculado
I-00039-00180,PER-0176,DIANA LAURA MARIN SUAREZ,Femenino,,Superior,Ingeniería en Gestión Empresarial,,,XALTOCAN,,2411663188,marindiana994@gmail.com,Jóvenes,Inserción Laboral,,,Administración,Vinculado
I-00040-00181,PER-0177,SERGIO IVAN CASTILLO RIVERA,Masculino,36.0,Superior,Psicología,,,APIZACO,,2411229296,sire1609@gmail.com,Jóvenes,Inserción Laboral,,,Psicología,Vinculado
I-00041-00182,PER-0178,DIANA ESMERALDA POSADAS BONILLA,Femenino,23.0,Superior,Estudiante,,,HUAMANTLA,,2229277955,dianiiss1109@gmail.com,Jóvenes,Inserción Laboral,,,Sin área específica,Vinculado
I-00042-00183,PER-0179,IRIS ROMERO PEREZ,Femenino,22.0,Superior,Médico Veterinario Zootecnista,,,APIZACO,,2411084226,romeroip08@gmail.com,Jóvenes,Inserción Laboral,,,Veterinaria,Vinculado
I-00043-00184,PER-0180,GUILLERMO GIL MENDEZ MONTIEL,Masculino,25.0,Superior,Médico Veterinario Zootecnista,,,APIZACO,,2414209723,mendezmontielgil@gmail.com,Jóvenes,Inserción Laboral,,,Veterinaria,Vinculado
I-00044-00185,PER-0181,MARIA LUISA SILVA MARIN,Femenino,26.0,Superior,Médico Veterinario Zootecnista,,,APIZACO,,5577919415,silvamalu85@gmail.com,Jóvenes,Inserción Laboral,,,Veterinaria,Vinculado
I-00045-00186,PER-0182,MAGDA CONSUELO CARRERA MORALES,Femenino,22.0,Superior,Estudiante,,,HUAMANTLA,,2282148591,bella23doris@hotmail.com,Jóvenes,Inserción Laboral,,,Sin área específica,Vinculado
I-00046-00187,PER-0183,YESSENIA SASTRE PEREZ,Femenino,25.0,Superior,Médico Veterinario Zootecnista,,,AMAXAC DE GUERRERO,,5631473939,yesssastre475@gmail.com,Jóvenes,Inserción Laboral,,,Veterinaria,Vinculado
I-00047-00188,PER-0184,ANTONIO RUIZ CRUZ,Masculino,25.0,Superior,Médico Veterinario Zootecnista,,,HUAMANTLA,,9581420926,lagar1110@hotmail.com,Jóvenes,Inserción Laboral,,,Veterinaria,Vinculado
I-00048-00189,PER-0185,ANA LUCRECIA MAZA VILLA,Femenino,22.0,Superior,Médico Veterinario Zootecnista,,,HUAMANTLA,,2331249209,analucreciamazavilla@gmail.com,Jóvenes,Inserción Laboral,,,Veterinaria,Vinculado
I-00049-00190,PER-0186,FROYLAN JUAREZ PEREZ,Masculino,26.0,Superior,Médico Veterinario Zootecnista,,,TEOLOCHOLCO,,2228987467,froylanp052@gmail.com,Jóvenes,Inserción Laboral,,,Veterinaria,Vinculado
I-00050-00191,PER-0187,KAREN LOPEZ SOSA,Femenino,22.0,Superior,Estudiante,,,ATLANGATEPEC,,2411375724,lopezsosakaren27@gmail.com,Jóvenes,Inserción Laboral,,,Sin área específica,Vinculado
I-00051-00192,PER-0188,CAROLINA ARMAS ORTIZ,Femenino,22.0,Superior,Estudiante,,,HUAMANTLA,,2474757098,carortarm@gmail.com,Jóvenes,Inserción Laboral,,,Sin área específica,Vinculado
I-00052-00193,PER-0189,ANGELICA ANAHI HERNANDEZ QUIROZ,Femenino,22.0,Superior,Médico Veterinario Zootecnista,,,TOCATLÁN,,2411046612,angelicaherq2001@gmail.com,Jóvenes,Inserción Laboral,,,Veterinaria,Vinculado
I-00053-00194,PER-0190,ROCIO GUTIERREZ PRAXEDIS,Femenino,23.0,Superior,Estudiante,,,TLAXCO,,2215846009,praxedisrocio288@gmail.com,Jóvenes,Inserción Laboral,,,Sin área específica,Vinculado
I-00054-00195,PER-0191,EDUARDO MORENO ORTEGA,Masculino,22.0,Superior,Estudiante,,,PANOTLA,,2411592824,laloem2001@gmail.com,Jóvenes,Inserción Laboral,,,Sin área específica,Vinculado
I-00055-00196,PER-0192,JOSE DE JESUS HERNANDEZ MELO,Masculino,26.0,Superior,Operador de Producción,,,HUAMANTLA,,7717946452,josedejesush15@gmail.com,Jóvenes,Inserción Laboral,,,Producción y Manufactura,Vinculado
I-00056-00197,PER-0193,LUIS GUSTAVO HERNANDEZ VALDEZ,Masculino,23.0,Superior,Médico Veterinario Zootecnista,,,HUAMANTLA,,5951141175,lg5530189724@gmail.com,Jóvenes,Inserción Laboral,,,Veterinaria,Vinculado
I-00057-00198,PER-0194,ESTEFANIA CORONA TEOLINO,Femenino,22.0,Superior,Médico Veterinario Zootecnista,,,SAN PABLO DEL MONTE,,2213195659,estefaniact144@gmail.com,Jóvenes,Inserción Laboral,,,Veterinaria,Vinculado
I-00058-00199,PER-0195,NAEILA ANAYA TORRES,Femenino,26.0,Superior,Médico Veterinario Zootecnista,,,APIZACO,,2411591753,mvzneyanaya@gmail.com,Jóvenes,Inserción Laboral,,,Veterinaria,Vinculado
I-00059-00200,PER-0196,BRANDON ARMANDO ZAMORA CHIMAL,Masculino,24.0,Superior,Estudiante,,,YAUHQUEMECAN,,2411203214,rambo.armando18@gmail.com,Jóvenes,Inserción Laboral,,,Sin área específica,Vinculado
I-00060-00201,PER-0197,FRANCISCO JAVIER JUAREZ GARCIA,Masculino,21.0,Superior,Médico Veterinario Zootecnista,,,APIZACO,,2411210124,franciscojg021201@gmail.com,Jóvenes,Inserción Laboral,,,Veterinaria,Vinculado
I-00061-00202,PER-0198,GLORIA ANDREA JUAREZ VILLALBA,Femenino,22.0,Superior,Médico Veterinario Zootecnista,,,APIZACO,,2411340904,andreeajv51@gmail.com,Jóvenes,Inserción Laboral,,,Veterinaria,Vinculado
I-00062-00203,PER-0199,ARIADNA TLILAYATZI XOLOCOTZI,Femenino,22.0,Superior,Médico Veterinario Zootecnista,,,CONTLA DE JUAN CUAMATZI,,2461489722,ariadnatlilayatzi423@gmail.com,Jóvenes,Inserción Laboral,,,Veterinaria,Vinculado
I-00063-00204,PER-0200,ITZMITL MONTSERRAT LOPEZ CARREON,Femenino,22.0,Superior,Médico Veterinario Zootecnista,,,IXTACUIXTLA DE MARIANO MATAMOROS,,2481743918,itzmon2804@hotmail.com,Jóvenes,Inserción Laboral,,,Veterinaria,Vinculado
I-00064-00205,PER-0201,DIANA LAURA DE JESUS MUÑOZ,Femenino,22.0,Superior,Médico Veterinario Zootecnista,,,APETATITLÁN DE ANTONIO CARVAJAL,,2461703202,diana.laura.mvz@gmail.com,Jóvenes,Inserción Laboral,,,Veterinaria,Vinculado
I-00065-00206,PER-0202,SHEYLA MIREYA ROMERO VELOZ,Femenino,24.0,Superior,Médico Veterinario Zootecnista,,,HUAMANTLA,,7752390802,sheylavelozsaiko@gmail.com,Jóvenes,Inserción Laboral,,,Veterinaria,Vinculado
I-00066-00207,PER-0203,ARIANA JIMENEZ MEJIA,Femenino,34.0,Superior,Médico Veterinario Zootecnista,,,TLAXCALA,,2461901580,jimenezary01689@gmail.com,Jóvenes,Inserción Laboral,,,Veterinaria,Vinculado
I-00067-00208,PER-0204,MARCOS JONATHAN SANCHEZ DAVILA,Masculino,24.0,Superior,Médico Veterinario Zootecnista,,,APIZACO,,2411122698,20192217@uatx.mx,Jóvenes,Inserción Laboral,,,Veterinaria,Vinculado
I-00068-00209,PER-0205,ANIBAL GALLO GUTIERREZ,Masculino,31.0,Superior,Médico Veterinario Zootecnista,,,TOCATLÁN,,5534992624,angietuto2001@gmail.com,Jóvenes,Inserción Laboral,,,Veterinaria,Vinculado
I-00069-00210,PER-0206,MANOLO MENDOZA MENDIETA,Masculino,23.0,Superior,Médico Veterinario Zootecnista,,,CHIAUTEMPAN,,2462060583,ess_moomo@hotmail.com,Jóvenes,Inserción Laboral,,,Veterinaria,Vinculado
I-00070-00211,PER-0207,CESAR LUNA GONZALEZ,Masculino,25.0,Superior,Médico Veterinario Zootecnista,,,HUAMANTLA,,5951019969,cesarlunagonzalez03@gmail.com,Jóvenes,Inserción Laboral,,,Veterinaria,Vinculado
I-00071-00212,PER-0208,ITZEL ANTONIO MENDEZ,Femenino,23.0,Superior,Médico Veterinario Zootecnista,,,HUAMANTLA,,5566407900,itzel.antonio.mendez31@gmail.com,Jóvenes,Inserción Laboral,,,Veterinaria,Vinculado
I-00072-00213,PER-0209,ALEJANDRO ALBERTO MARAVILLA PEREZ,Masculino,23.0,Superior,Ingeniería Mecatrónica,,,NANACAMILPA DE MARIANO ARISTA,,2411015362,maravilla.alejandro13@gmail.com,Jóvenes,Inserción Laboral,,,Mecánica y Mecatrónica,Vinculado
I-00073-00214,PER-0210,HEIDI EVELYN BENITEZ PEREZ,Femenino,21.0,Superior,Ingeniería Financiera,,,SANTA ISABEL XILOXOXTLA,,2461800579,benitez.perez.he2avcn@gmail.com,Jóvenes,Inserción Laboral,,,Economía y Finanzas,Vinculado
I-00074-00215,PER-0211,MARIA MICHEL TEACALCO FLORES,Femenino,23.0,Superior,Innovación de Negocios y Mercadotecnia,,,HUAMANTLA,,2471321260,michellteacalcof00@gmail.com,Jóvenes,Inserción Laboral,,,Mercadotecnia,Vinculado
I-00075-00216,PER-0212,ELBA ADRIANA ZAMUDIO MENESES,Femenino,42.0,Superior,Administración de Empresas,,,CHIAUTEMPAN,,2463096494,descendantsaaa@gmail.com,Jóvenes,Inserción Laboral,,,Administración,Vinculado
P-00089-00217,PER-0213,ALEXIS HERNANDEZ SILVA,Masculino,24.0,Superior,Ingeniería en Administración,,,YAUHQUEMECAN,,2411700900,alexishs2811@gmail.com,Jóvenes,Prácticas Profesionales,,,Administración,Vinculado
I-00076-00218,PER-0214,DIANA MELISSA CUAMATZI AGUILAR,Femenino,22.0,Superior,Ingeniería en Administración,,,CHIAUTEMPAN,,2462139461,dianacuamatzi17@gmail.com,Jóvenes,Inserción Laboral,,,Administración,Vinculado
I-00077-00219,PER-0215,CARMEN GARCIA PEREZ,Femenino,23.0,Superior,Ingeniería en Administración,,,TOTOLAC,,2461977842,carmen3112garcia@gmail.com,Jóvenes,Inserción Laboral,,,Administración,Vinculado
I-00078-00220,PER-0216,JULIO ERNESTO MONTIEL PEREZ,Masculino,22.0,Superior,Ingeniería en Tecnologías de la Información y Comunicación,,,TETLA DE LA SOLIDARIDAD,,2411082727,jm8081843@gmail.com,Jóvenes,Inserción Laboral,,,TI y Sistemas,Vinculado
I-00079-00221,PER-0217,KARLA JUDITH SOLA MENDOZA,Femenino,23.0,Superior,Ingeniería en Administración,,,TETLA DE LA SOLIDARIDAD,,2411594245,karla.judith.sola.mendoza@gmail.com,Jóvenes,Inserción Laboral,,,Administración,Vinculado
I-00080-00222,PER-0218,CARMEN ADRIANA LIMA SANCHEZ,Femenino,27.0,Superior,Mercadotecnia,,,XALOSTOC,,2411480539,carmenadriana.217@gmail.com,Jóvenes,Inserción Laboral,,,Mercadotecnia,Vinculado
I-00081-00223,PER-0219,MONSERRAT CUECUECHA VAZQUEZ,Femenino,22.0,Superior,Logística y Transporte,,,XALTOCAN,,2411946329,monsecue3018@gmail.com,Jóvenes,Inserción Laboral,,,Logística y Transporte,Vinculado
I-00082-00224,PER-0220,ANA GILDA GARCIA CEBALLOS,Femenino,37.0,Superior,Ingeniería en Manufactura de Autopartes,,,YAUHQUEMECAN,,2228162027,anagilda.garcia@gmail.com,Jóvenes,Inserción Laboral,,,Producción y Manufactura,Vinculado
I-00083-00225,PER-0221,JOSE RAYMUNDO VELAZQUEZ MUÑOZ,Masculino,23.0,Superior,Ingeniería Ambiental,,,XALOSTOC,,5621776751,joservm.4@gmail.com,Jóvenes,Inserción Laboral,,,Ambiental,Vinculado
I-00084-00226,PER-0222,JESUS MARQUEZ PEREZ,Masculino,22.0,Superior,Ingeniería Industrial,,,HUAMANTLA,,2411661619,jesusmrqzprz24@gmail.com,Jóvenes,Inserción Laboral,,,Industrial y Calidad,Vinculado
I-00085-00227,PER-0223,MONSERRAT TANECO MAGDALENO,Femenino,22.0,Superior,Psicología,,,XALOSTOC,,2411975188,monserratmagdaleno605@gmail.com,Jóvenes,Inserción Laboral,,,Psicología,Vinculado
I-00086-00228,PER-0224,LIZZETH CORONA RAMIREZ,Femenino,25.0,Superior,Ingeniería Electromecánica,,,ATLANGATEPEC,,2411113189,lizzethcorona63@gmail.com,Jóvenes,Inserción Laboral,,,Mecánica y Mecatrónica,Vinculado
I-00087-00229,PER-0225,JESUS GARCIA PIÑA,Masculino,32.0,Superior,Ingeniería en Tecnologías de la Información y Comunicación,,,TLAXCALA,,2465933077,jesusg290@gmail.com,Jóvenes,Inserción Laboral,,,TI y Sistemas,Vinculado
I-00088-00230,PER-0226,OSWSLDO MARQUEZ GARCIA,Masculino,25.0,Superior,Ingeniería Civil,,,TERRENATE,,2411236022,oswaldomg16@hotmail.com,Jóvenes,Inserción Laboral,,,Arquitectura y Construcción,Vinculado
I-00089-00231,PER-0227,FERNANDO TELLEZ MAGDALENO,Masculino,18.0,Sin Dato,Empleado,,,XALOSTOC,,2411731249,tellezfernando963@gmail.com,Jóvenes,Inserción Laboral,,,Sin área específica,Vinculado
I-00090-00232,PER-0228,TRINIDAD GUADALUPE FERNANDEZ GARCIA,Femenino,23.0,Superior,Innovación de Negocios y Mercadotecnia,,,XALOSTOC,,2411027241,guadalupefg553@gmail.com,Jóvenes,Inserción Laboral,,,Mercadotecnia,Vinculado
I-00091-00233,PER-0229,ALAN GABRIEL PEREZ LOPEZ,Masculino,21.0,Sin Dato,Sin Información,,,XALOSTOC,,3329919439,guerrolopez643@gmail.com,Jóvenes,Inserción Laboral,,,Sin Información,Vinculado
I-00092-00234,PER-0230,DAISSY KARINA SANCHEZ ALAZCANO,Femenino,22.0,Superior,Ingeniería Industrial,,,EL CARMEN TEQUEXQUITLA,,2761159947,anisan4162@gmail.com,Jóvenes,Inserción Laboral,,,Industrial y Calidad,Vinculado
I-00093-00235,PER-0231,JUAN MANUEL VAZQUEZ CERVANTES,Masculino,38.0,Media Superior,Bachillerato,,,XALOSTOC,,2411277580,juan.vazquez.qw@gmail.com,Jóvenes,Inserción Laboral,,,Nivel educativo,Vinculado
I-00094-00236,PER-0232,SINAHI GONZALEZ GOYRI,Femenino,22.0,Superior,Innovación de Negocios y Mercadotecnia,,,HUAMANTLA,,2471316766,sinahigoyri@gmail.com,Jóvenes,Inserción Laboral,,,Mercadotecnia,Vinculado
I-00095-00237,PER-0233,CECILIA VAZQUEZ SANCHEZ,Femenino,24.0,Superior,Nutrición,,,XALOSTOC,,2411369738,cecisan1999@gmail.com,Jóvenes,Inserción Laboral,,,Salud,Vinculado
I-00096-00238,PER-0234,VALENTIN MUÑOZ SANCHEZ,Masculino,23.0,Superior,Ingeniería en Mantenimiento Industrial,,,XALOSTOC,,2411902980,valentinmunoz812@gmail.com,Jóvenes,Inserción Laboral,,,Mantenimiento,Vinculado
I-00097-00239,PER-0235,ALMA JANETH ESPINOZA CARRERA,Femenino,45.0,Sin Dato,Sin Información,,,TOCATLÁN,,2411108305,almajanethespinozacarrera@gmail.com,Jóvenes,Inserción Laboral,,,Sin Información,Vinculado
I-00098-00240,PER-0236,ELIZABETH ARENAS AVENDAÑO,Femenino,40.0,Superior,Logística y Transporte,,,SAN JOSÉ TEACALCO,,2411385300,eli971085@gmail.com,Jóvenes,Inserción Laboral,,,Logística y Transporte,Vinculado
I-00099-00241,PER-0237,GABRIELA SANLUIS HERNANDEZ,Femenino,26.0,Superior,Ingeniería en Administración,,,ZITLALTEPEC DE TRINIDAD SÁNCHEZ SANTOS,,2411102575,gabyhersan06@gmail.com,Jóvenes,Inserción Laboral,,,Administración,Vinculado
I-00100-00242,PER-0238,JAQUELINE MOZO HERNANDEZ,Femenino,22.0,Superior,Ingeniería en Procesos y Operaciones Industriales,,,HUAMANTLA,,2231423775,utt.jaqueline.mozo.hernandez@gmail.com,Jóvenes,Inserción Laboral,,,Producción y Manufactura,Vinculado
I-00101-00243,PER-0239,CONSTANTINO PIOQUINTO GALINDO,Masculino,24.0,Superior,Ingeniería en Sistemas Automotrices,,,HUAMANTLA,,2411776470,conspioquintog@hotmail.com,Jóvenes,Inserción Laboral,,,Sistemas Automotrices,Vinculado
I-00102-00244,PER-0240,MICHELLE RODRIGUEZ HERNANDEZ,Femenino,24.0,Superior,Logística y Transporte,,,HUAMANTLA,,2471215473,michelle90265077@gmail.com,Jóvenes,Inserción Laboral,,,Logística y Transporte,Vinculado
I-00103-00245,PER-0241,ROSALINDA ORTIZ,Femenino,22.0,Superior,Gestión del Capital Humano,,,HUAMANTLA,,2471089183,garciaort2001@gmail.com,Jóvenes,Inserción Laboral,,,Recursos Humanos,Vinculado
I-00104-00246,PER-0242,ARELY FERNANDEZ VALENCIA,Femenino,24.0,Superior,Administración,,,CUAPIAXTLA,,2761229184,are.lyfer150@gmail.com,Jóvenes,Inserción Laboral,,,Administración,Vinculado
I-00105-00247,PER-0243,ANDREA ELIZABETH FRAGOSO DEL CARMEN,Femenino,27.0,Superior,Ingeniería en Procesos y Operaciones Industriales,,,XALOSTOC,,2412155835,eliza_11-ale@hotmail.com,Jóvenes,Inserción Laboral,,,Producción y Manufactura,Vinculado
I-00106-00248,PER-0244,ALONDRA CORONA HERRERA,Femenino,25.0,Superior,Comercio Internacional y Aduanas,,,IXTENCO,,2471196103,diana.alondra051298@gmail.com,Jóvenes,Inserción Laboral,,,Comercio Internacional,Vinculado
I-00107-00249,PER-0245,SUSANA SANCHEZ OLIVARES,Femenino,22.0,Superior,Ingeniería,,,XALOSTOC,,2411107634,sanchezsusana2104@gmail.com,Jóvenes,Inserción Laboral,,,Nivel educativo,Vinculado
I-00108-00250,PER-0246,CARLOS DAVID FERNANDEZ ZAMORA,Masculino,23.0,Superior,Ingeniería en Procesos y Operaciones Industriales,,,HUAMANTLA,,2431220588,karlozfernandezmc@gmail.com,Jóvenes,Inserción Laboral,,,Producción y Manufactura,Vinculado
I-00109-00251,PER-0247,YENNI JACQUELINE RODRIGUEZ SALDAÑA,Femenino,24.0,Superior,Ingeniería en Tecnologías de la Información y Comunicación,,,SAN FRANCISCO TETLANOHCAN,,2462389777,yejarosa@gmail.com,Jóvenes,Inserción Laboral,,,TI y Sistemas,Vinculado
I-00110-00252,PER-0248,ERICK HERNANDEZ REYES,Masculino,24.0,Superior,Ingeniería en Procesos y Operaciones Industriales,,,HUAMANTLA,,2471272951,herrey123.er@gmail.com,Jóvenes,Inserción Laboral,,,Producción y Manufactura,Vinculado
I-00111-00253,PER-0249,FERNANDO GOMEZ CASILLAS,Masculino,24.0,Superior,Ingeniería Logística,,,XALTOCAN,,5523389700,ing.fernando.gomez.3@gmail.com,Jóvenes,Inserción Laboral,,,Logística y Transporte,Vinculado
I-00112-00254,PER-0250,PAOLA GONZALEZ SANCHEZ,Femenino,19.0,Media Superior,Bachillerato,,,ZACATELCO,,2461823013,ps2593795@gmail.com,Jóvenes,Inserción Laboral,,,Nivel educativo,Vinculado
I-00113-00255,PER-0251,LORENA PAREDES NAVA,Femenino,23.0,Superior,Ingeniería en Biotecnología,,,TLAXCALA,,2462061565,lorenaparedes225@gmail.com,Jóvenes,Inserción Laboral,,,Química y Biotecnología,Vinculado
I-00114-00256,PER-0252,ALEJANDRA EDITH SOLANO SANCHEZ,Femenino,22.0,Superior,Ingeniería Industrial,,,EL CARMEN TEQUEXQUITLA,,2761157036,alejandrasolanosanchez4@gmail.com,Jóvenes,Inserción Laboral,,,Industrial y Calidad,Vinculado
I-00115-00257,PER-0253,JOSE ANGEL PAPALOTZI VIVANCO,Masculino,25.0,Superior,Administración,,,TEOLOCHOLCO,,2462046053,joseangelpapalotzi@gmail.com,Jóvenes,Inserción Laboral,,,Administración,Vinculado
I-00116-00258,PER-0254,KAREN SHAMED AGUILAR GARCIA,Femenino,25.0,Superior,Actuaría,,,XICOHTZINCO,,5542217795,aguilark@ciencias.unam.mx,Jóvenes,Inserción Laboral,,,Economía y Finanzas,Vinculado
I-00117-00259,PER-0255,CARLOS D'ARLO SANCHEZ ARMAS,Masculino,23.0,Superior,Ingeniería Industrial,,,TLAXCALA,,5638924392,sanchezarmascarlosdarlo@gmail.com,Jóvenes,Inserción Laboral,,,Industrial y Calidad,Vinculado
I-00118-00260,PER-0256,JOSE DE JESUS MORENO HERNANDEZ,Masculino,29.0,Superior,Administración,,,APIZACO,,2411506585,jesushmoreno94@gmail.com,Jóvenes,Inserción Laboral,,,Administración,Vinculado
I-00119-00261,PER-0257,MERARI CORTES SANCHEZ,Femenino,25.0,Superior,Ingeniería en Economía y Finanzas,,,BENITO JUÁREZ,,7498506569,meraricortes251@gmail.com,Jóvenes,Inserción Laboral,,,Economía y Finanzas,Vinculado
I-00120-00262,PER-0258,PAULA FLORES RAMIREZ,Femenino,26.0,Superior,Ingeniero en Procesos y Gestión Industrial,,,HUAMANTLA,,2471381185,pa0laramrez26@gmail.com,Jóvenes,Inserción Laboral,,,Producción y Manufactura,Vinculado
I-00121-00263,PER-0259,ALINE APALE CALVILLO,Femenino,24.0,Superior,Ingeniería Química,,,TOTOLAC,,2464940609,apalealin99@gmail.com,Jóvenes,Inserción Laboral,,,Química y Biotecnología,Vinculado
I-00122-00264,PER-0260,ITZEL GUADALUPE MUÑOZ JUAREZ MUÑOZ JUAREZ,Femenino,22.0,Superior,Negocios Internacionales,,,CONTLA DE JUAN CUAMATZI,,2461505571,im6541235@gmail.com,Jóvenes,Inserción Laboral,,,Comercio Internacional,Vinculado
I-00123-00265,PER-0261,ABRIL RODRIGUEZ MORENO,Femenino,22.0,Sin Dato,Sin Información,,,ZACATELCO,,2212609593,abrilromo4819@gmail.com,Jóvenes,Inserción Laboral,,,Sin Información,Vinculado
I-00124-00266,PER-0262,LEYDI MARTINEZ ROMERO,Femenino,38.0,Superior,Bachillerato,,,TLAXCALA,,7481007761,yiya.luigui@gmail.com,Jóvenes,Inserción Laboral,,,Nivel educativo,Vinculado
I-00125-00267,PER-0263,ERICK ANTONIO SANCHEZ ZUÑIGA,Masculino,21.0,Superior,Mantenimiento,,,LA MAGDALENA TLALTELULCO,,2461989398,zunigserick@gmail.com,Jóvenes,Inserción Laboral,,,Mantenimiento,Vinculado
I-00126-00268,PER-0264,JAIME DOMINGUEZ MORA,Masculino,27.0,Superior,Ingeniería Mecatrónica,,,APETATITLÁN DE ANTONIO CARVAJAL,,2461355352,jaime.dominguez.mo@gmail.com,Jóvenes,Inserción Laboral,,,Mecánica y Mecatrónica,Vinculado
I-00127-00269,PER-0265,FABIOLA CUATIANQUIZ VASQUEZ,Femenino,23.0,Superior,Ingeniería en Biotecnología,,,CHIAUTEMPAN,,2461632071,fab.vas.c04@gmail.com,Jóvenes,Inserción Laboral,,,Química y Biotecnología,Vinculado
I-00128-00270,PER-0266,KENIA MARTINEZ ROLDAN,Femenino,23.0,Sin Dato,Sin Información,,,IXTACUIXTLA DE MARIANO MATAMOROS,,2411977599,keniamartinezroldan@gmail.com,Jóvenes,Inserción Laboral,,,Sin Información,Vinculado
I-00129-00271,PER-0267,YARIM YOALI CORTES MONTAÑO,Femenino,22.0,Superior,Arquitectura,,,YAUHQUEMECAN,,2411763687,yarimjoncah2701@gmail.com,Jóvenes,Inserción Laboral,,,Arquitectura y Construcción,Vinculado
I-00130-00272,PER-0268,JOSE GERARDO LOPEZ MONTIEL,Masculino,22.0,Superior,Gestión del Capital Humano,,,HUAMANTLA,,2471283856,j.gerardolopez93@gmail.com,Jóvenes,Inserción Laboral,,,Recursos Humanos,Vinculado
I-00131-00273,PER-0269,BELEN GUADALUPE PEREZ REYES,Femenino,32.0,Sin Dato,Sin Información,,,CHIAUTEMPAN,,2461573246,bell.2810@hotmail.com,Jóvenes,Inserción Laboral,,,Sin Información,Vinculado
I-00132-00274,PER-0270,EDGAR LOPEZ ACAMETITLA,Masculino,25.0,Superior,Ingeniería Logística,,,IXTACUIXTLA DE MARIANO MATAMOROS,,2221191098,edgar.lopez.ing98@gmail.com,Jóvenes,Inserción Laboral,,,Logística y Transporte,Vinculado
I-00133-00275,PER-0271,CORINA CALVARIO XOLOCOTZI,Femenino,26.0,Superior,Negocios Internacionales,,,TLAXCALA,,2462089762,corina.cx98@gmail.com,Jóvenes,Inserción Laboral,,,Comercio Internacional,Vinculado
I-00134-00276,PER-0272,ARTURO MANI CORTE,Masculino,,Superior,Ingeniería Mecatrónica,,,ZACATELCO,,2461621550,mani.arturc26@gmail.com,Jóvenes,Inserción Laboral,,,Mecánica y Mecatrónica,Vinculado
I-00135-00277,PER-0273,DOLORES VILLORDO SANCHEZ,Femenino,29.0,Superior,Ingeniería en Negocios y Gestión Empresarial,,,ATLANGATEPEC,,2411760734,doloresvilliordosa@gmail.com,Jóvenes,Inserción Laboral,,,Administración,Vinculado
I-00136-00278,PER-0274,KARLA ABIGAIL CONTRERAS HERNANDEZ,Femenino,21.0,Superior,Mercadotecnia y Publicidad,,,APIZACO,,2411686952,karlaabigailcontreras@gmail.com,Jóvenes,Inserción Laboral,,,Mercadotecnia,Vinculado
I-00137-00279,PER-0275,EDGAR RAMIREZ,Masculino,42.0,Superior,Producción,,,APIZACO,,2461101905,simuladores@gmail.com,Jóvenes,Inserción Laboral,,,Producción y Manufactura,Vinculado
I-00138-00280,PER-0276,ANA PAOLA CORTEZ GENERO,Femenino,23.0,Superior,Derecho,,,TLAXCALA,,2463231324,anapaolacortez40@gmail.com,Jóvenes,Inserción Laboral,,,Derecho y Seguridad,Vinculado
I-00139-00281,PER-0277,ALEJANDRO ORTEGA BRIONES,Masculino,22.0,Superior,Negocios Internacionales,,,APIZACO,,5611279061,alexxs2319@gmail.com,Jóvenes,Inserción Laboral,,,Comercio Internacional,Vinculado
I-00140-00282,PER-0278,JUAN RAUL CONDE TORRES,Masculino,20.0,Superior,Negocios Internacionales,,,HUAMANTLA,,2471077123,condetorrejuanraul@gmail.com,Jóvenes,Inserción Laboral,,,Comercio Internacional,Vinculado
I-00141-00283,PER-0279,BRENDA HUERTA MENDOZA,Femenino,30.0,Superior,"Administración, Especialidad en Mercadotecnia",,,PAPALOTLA DE XICOHTÉNCATL,,2213608536,bren.men18@gmail.com,Jóvenes,Inserción Laboral,,,Administración,Vinculado
I-00142-00284,PER-0280,YADIRA SANCHEZ CAMARILLO,Femenino,,Superior,Administración,,,TLAXCALA,,2462181907,yscamarillo08@gmail.com,Jóvenes,Inserción Laboral,,,Administración,Vinculado
I-00143-00285,PER-0281,ARACELY SERRANO ANTONIO,Femenino,,Superior,Administración,,,SANTA CRUZ QUILEHTLA,,2463351134,aracelyserranoantonio@gmail.com,Jóvenes,Inserción Laboral,,,Administración,Vinculado
I-00144-00286,PER-0282,KEVIN EXAU SANCHEZ,Masculino,31.0,Superior,Seguridad e Higiene,,,PAPALOTLA DE XICOHTÉNCATL,,2241210017,kevin_exau@hotmail.com,Jóvenes,Inserción Laboral,,,Seguridad Ocupacional,Vinculado
I-00145-00287,PER-0283,BEATRIZ ELIA LARA ROJAS,Femenino,,Sin Dato,Empleado,,,HUAMANTLA,,2224909237,hotyylacerojas@hotmail.com,Jóvenes,Inserción Laboral,,,Sin área específica,Vinculado
I-00146-00288,PER-0284,ELISA JUAREZ TEXIS,Femenino,49.0,Media Superior,Bachillerato,,,TEOLOCHOLCO,,2461217686,jelisa622@gmail.com,Jóvenes,Inserción Laboral,,,Nivel educativo,Vinculado
I-00147-00289,PER-0285,LISSETE CAMACHO VIXTO,Femenino,29.0,Superior,Administración,,,TEOLOCHOLCO,,2462957474,daianna_siren@hotmail.com,Jóvenes,Inserción Laboral,,,Administración,Vinculado
I-00148-00290,PER-0286,TERESA CAHUANTZI,Femenino,51.0,Sin Dato,Empleado,,,CONTLA DE JUAN CUAMATZI,,2462430327,sincorreo@gmail.com,Adultos,Inserción Laboral,,,Sin área específica,Vinculado
I-00149-00291,PER-0287,ALESANDRA MUÑOZ GEORGE,Femenino,,Sin Dato,Empleado,,,LA MAGDALENA TLALTELULCO,,2461769953,sincorreo@gmail.com,Jóvenes,Inserción Laboral,,,Sin área específica,Vinculado
I-00150-00292,PER-0288,MARTINA CAJICO ZARATE,Femenino,59.0,Sin Dato,Empleado,,,CHIAUTEMPAN,,2461145460,sincorreo@gmail.com,Jóvenes,Inserción Laboral,,,Sin área específica,Vinculado
I-00151-00293,PER-0289,ALBERTO POLVO ANDRADE,Masculino,21.0,Superior,Ingeniería Mecatrónica,,,CHIAUTEMPAN,,2462269147,temobeto084@gmail.com,Jóvenes,Inserción Laboral,,,Mecánica y Mecatrónica,Vinculado
I-00152-00294,PER-0290,VICTOR HUGO GUTIERREZ CAHUANTZI,Masculino,21.0,Superior,Ingeniería Mecatrónica,,,CHIAUTEMPAN,,2462035045,vhgutierrez703@gmail.com,Jóvenes,Inserción Laboral,,,Mecánica y Mecatrónica,Vinculado
I-00153-00295,PER-0291,JUAN ALBERTO ISLAS DIAZ,Masculino,21.0,Superior,Ingeniería Mecatrónica,,,SAN FRANCISCO TETLANOHCAN,,2464800427,islasdiazjuanalberto@gmail.com,Jóvenes,Inserción Laboral,,,Mecánica y Mecatrónica,Vinculado
I-00154-00296,PER-0292,ANDRES CUAHUTENCOS MORALES,Masculino,21.0,Superior,Ingeniería Mecatrónica,,,SANTA CATARINA AYOMETLA,,2213958534,andres1117.morales@gmail.com,Jóvenes,Inserción Laboral,,,Mecánica y Mecatrónica,Vinculado
I-00155-00297,PER-0293,JISSEL MARTINEZ NAVA,Femenino,,Superior,Administración,,,TOTOLAC,,2461637080,jissel.nava22@gmail.com,Jóvenes,Inserción Laboral,,,Administración,Vinculado
I-00156-00298,PER-0294,ANTONIO PEREZ SANTAMARIA,Masculino,20.0,Superior,Ingeniería Mecatrónica,,,SANTA APOLONIA TEACALCO,,2462424239,pokesaiyn@gmail.com,Jóvenes,Inserción Laboral,,,Mecánica y Mecatrónica,Vinculado
I-00157-00299,PER-0295,YAMILET LOPEZ,Femenino,18.0,Superior,TSU en Administración,,,Indefinido,,2482145661,sincorreo@gmail.com,Jóvenes,Inserción Laboral,,,Administración,Vinculado
I-00158-00300,PER-0296,SARAI SARMIENTO ARMENTA,Femenino,22.0,Superior,Ingeniería Química,,,TOTOLAC,,2462227657,sarai.sarmiento414@gmail.com,Jóvenes,Inserción Laboral,,,Química y Biotecnología,Vinculado
I-00159-00301,PER-0297,JOSE JUAN BERNAL JIMENEZ,Masculino,21.0,Superior,TSU en Administración,,,NATIVITAS,,2461359198,bernadjimenez081@gmail.com,Jóvenes,Inserción Laboral,,,Administración,Vinculado
I-00160-00302,PER-0298,ELEAZAR CARRERA GUZMAN,Masculino,22.0,Superior,TSU en Administración,,,Indefinido,,2292778862,gusmanmary1254@gmail.com,Jóvenes,Inserción Laboral,,,Administración,Vinculado
I-00161-00303,PER-0299,ABDIEL VALENTIN SANTIAGO ORTEGA,Masculino,20.0,Superior,Ingeniería Mecatrónica,,,TLAXCALA,,2461049432,sant41128@gmail.com,Jóvenes,Inserción Laboral,,,Mecánica y Mecatrónica,Vinculado
I-00162-00304,PER-0300,DANA MICHEL RAMIREZ PEREZ,Femenino,,Superior,TSU en Administración,,,Indefinido,,2213198535,michelinram1912@gmail.com,Jóvenes,Inserción Laboral,,,Administración,Vinculado
I-00163-00305,PER-0301,EDGAR RAMIREZ ALVAREZ,Masculino,42.0,Superior,Ingeniería Mecatrónica,,,APIZACO,,2461101905,simuladorep@gmail.com,Jóvenes,Inserción Laboral,,,Mecánica y Mecatrónica,Vinculado
I-00164-00306,PER-0302,BRENDA DEGANTE DIAZ,Femenino,26.0,Superior,Negocios Internacionales,,,APIZACO,,24112233809,degantediazbrenda@gmail.com,Jóvenes,Inserción Laboral,,,Comercio Internacional,Vinculado
I-00165-00307,PER-0303,ITZEL BUENAVISTA BUSTAMANTE,Femenino,21.0,Superior,Ingeniería Financiera,,,IXTACUIXTLA DE MARIANO MATAMOROS,,2482082510,itza7102002@gmail.com,Jóvenes,Inserción Laboral,,,Economía y Finanzas,Vinculado
I-00166-00308,PER-0304,EDUARDO LEIVA SANCHEZ,Masculino,25.0,Superior,Administración,,,APIZACO,,2211703678,eduardoleyva306@gmail.com,Jóvenes,Inserción Laboral,,,Administración,Vinculado
I-00167-00309,PER-0305,MARCOS TEXIS MORALES,Masculino,22.0,Sin Dato,Sin Información,,,TEOLOCHOLCO,,2462555628,moralestexis112.70@hotmail.com,Jóvenes,Inserción Laboral,,,Sin Información,Vinculado
I-00168-00310,PER-0306,JAQUELINE HERNANDEZ FERNANDEZ,Femenino,20.0,Sin Dato,Sin Información,,,LÁZARO CÁRDENAS,,2481250561,kelly03@hgei.gmail.com,Jóvenes,Inserción Laboral,,,Sin Información,Vinculado
I-00169-00311,PER-0307,ALAN JAIR DE JESUS VAZQUEZ,Masculino,21.0,Superior,Ingeniería Financiera,,,TETLATLAHUCA,,2461791517,ganraran26@gmail.com,Jóvenes,Inserción Laboral,,,Economía y Finanzas,Vinculado
I-00170-00312,PER-0308,JONATHAN FLORES FLORES,Masculino,,Superior,Ingeniería Mecatrónica,,,TLAXCALA,,2461185506,floresjonathan@hotmail.com,Jóvenes,Inserción Laboral,,,Mecánica y Mecatrónica,Vinculado
I-00171-00313,PER-0309,TANIA ABRIL UGARTE HERRERA,Femenino,23.0,Superior,Médico Veterinario Zootecnista,,,HUAMANTLA,,2471227048,abrilherrera0503@gmail.com,Jóvenes,Inserción Laboral,,,Veterinaria,Vinculado
I-00172-00314,PER-0310,EDITH TLAPALAMATL RODRIGUEZ,Femenino,22.0,Superior,Médico Veterinario Zootecnista,,,APIZACO,,2411321113,edith10tr@gmail.com,Jóvenes,Inserción Laboral,,,Veterinaria,Vinculado
I-00173-00315,PER-0311,AGUSTIN ALEJANDRO CORTES PERALTA,Masculino,22.0,Superior,Médico Veterinario Zootecnista,,,HUAMANTLA,,2471321063,agustinalcope@gmail.com,Jóvenes,Inserción Laboral,,,Veterinaria,Vinculado
I-00174-00316,PER-0312,BERENICE MORALES,Femenino,24.0,Superior,Médico Veterinario Zootecnista,,,HUAMANTLA,,7751877445,bereanaya16@gmail.com,Jóvenes,Inserción Laboral,,,Veterinaria,Vinculado
I-00175-00317,PER-0313,ARIANA LIZETH LAVOINET SANCHEZ,Femenino,22.0,Superior,Médico Veterinario Zootecnista,,,HUAMANTLA,,2761111913,lizethlavoinet@gmail.com,Jóvenes,Inserción Laboral,,,Veterinaria,Vinculado
I-00176-00318,PER-0314,ESLY HAZEL HUERTA SANCHEZ,Femenino,21.0,Superior,Médico Veterinario Zootecnista,,,LA MAGDALENA TLALTELULCO,,2462383956,heslyhazel@gmail.com,Jóvenes,Inserción Laboral,,,Veterinaria,Vinculado
I-00177-00319,PER-0315,JUAN PABLO GARCIA CHAMA,Masculino,22.0,Superior,Médico Veterinario Zootecnista,,,HUAMANTLA,,2471329422,juanpasgarcia71201@gmail.com,Jóvenes,Inserción Laboral,,,Veterinaria,Vinculado
I-00178-00320,PER-0316,LESLY YAMILE DIAZ ZEPEDA,Femenino,23.0,Superior,Médico Veterinario Zootecnista,,,Indefinido,,2482435267,20207577@uatx.mx,Jóvenes,Inserción Laboral,,,Veterinaria,Vinculado
I-00179-00321,PER-0317,MARIA DEL ROSARIO CHAVARRIA LEZAMA,Femenino,22.0,Superior,Médico Veterinario Zootecnista,,,NATIVITAS,,2462621369,chavarrialezamarosario@gmail.com,Jóvenes,Inserción Laboral,,,Veterinaria,Vinculado
I-00180-00322,PER-0318,MARIA BELEN ROJAS SANCHEZ,Femenino,23.0,Superior,Médico Veterinario Zootecnista,,,ALTZAYANCA,,2471261425,mariabelenrojassanchez336@gmail.com,Jóvenes,Inserción Laboral,,,Veterinaria,Vinculado
I-00181-00323,PER-0319,YARA IXCHEL BONILLA MALDONADO,Femenino,26.0,Superior,Médico Veterinario Zootecnista,,,SANTA CRUZ TLAXCALA,,2461428963,yarabonilla1123@gmail.com,Jóvenes,Inserción Laboral,,,Veterinaria,Vinculado
I-00182-00324,PER-0320,LESLY DAFNE DE GANTE PALAFOX,Femenino,23.0,Sin Dato,Estudiante,,,TERRENATE,,2411641240,leixly395@gmail.com,Jóvenes,Inserción Laboral,,,Sin área específica,Vinculado
I-00183-00325,PER-0321,CESAR AUGUSTO VAZQUEZ CORDERO,Masculino,22.0,Superior,Médico Veterinario Zootecnista,,,ATLANGATEPEC,,2461278491,corderocesar1724@gmail.com,Jóvenes,Inserción Laboral,,,Veterinaria,Vinculado
P-00090-00326,PER-0322,KARLA ESTEFANI SALDAÑA FORES,Femenino,21.0,Sin Dato,Practicante,,,ATLANGATEPEC,,2411482562,fanisfg3@gmail.com,Jóvenes,Prácticas Profesionales,,,Sin área específica,Vinculado
I-00184-00327,PER-0323,MARIA FERNANDA LOPEZ ALDECO,Femenino,23.0,Sin Dato,Estudiante,,,APIZACO,,2411966938,lopez.aldeco.mariafernanda@gmail.com,Jóvenes,Inserción Laboral,,,Sin área específica,Vinculado
I-00185-00328,PER-0324,ESAU RAMIREZ MARTINEZ,Masculino,22.0,Superior,Médico Veterinario Zootecnista,,,MUÑOZ DE DOMINGO ARENAS,,2411211880,esau301001@gmail.com,Jóvenes,Inserción Laboral,,,Veterinaria,Vinculado
I-00186-00329,PER-0325,JAQUELINE SANCHEZ LOPEZ,Femenino,25.0,Superior,Médico Veterinario Zootecnista,,,TOTOLAC,,2461270658,jaquisazlopz@gmail.com,Jóvenes,Inserción Laboral,,,Veterinaria,Vinculado
I-00187-00330,PER-0326,HABID LOPEZ MONTES,Masculino,23.0,Superior,Médico Veterinario Zootecnista,,,HUAMANTLA,,2474759633,habidlopezmontes@gmail.com,Jóvenes,Inserción Laboral,,,Veterinaria,Vinculado
I-00188-00331,PER-0327,DANNA STTEPHANY VILLADONGA SANCHEZ,Femenino,22.0,Superior,Médico Veterinario Zootecnista,,,HUAMANTLA,,7721022723,dannavilladonga@gmail.com,Jóvenes,Inserción Laboral,,,Veterinaria,Vinculado
I-00189-00332,PER-0328,MIGUEL ANGEL GARCIA CANO,Masculino,27.0,Superior,Médico Veterinario Zootecnista,,,TOTOLAC,,2461950261,zonacero83@hotmail.com,Jóvenes,Inserción Laboral,,,Veterinaria,Vinculado
I-00190-00333,PER-0329,EDUARDO GODINEZ CABRERA,Masculino,23.0,Superior,Médico Veterinario Zootecnista,,,TLAXCALA,,2462197068,lalogodinez222@gmail.com,Jóvenes,Inserción Laboral,,,Veterinaria,Vinculado
I-00191-00334,PER-0330,ANTONIO DE JESUS ARCINIEGA TORRES,Masculino,22.0,Sin Dato,Estudiante,,,TLAXCALA,,2461003040,sketeantonio@gmail.com,Jóvenes,Inserción Laboral,,,Sin área específica,Vinculado
I-00192-00335,PER-0331,HORACIO PALAFOX RAMOS,Masculino,27.0,Superior,Administración,,,PANOTLA,,2461123838,horaciopalafox1023@gmail.com,Jóvenes,Inserción Laboral,,,Administración,Vinculado
I-00193-00336,PER-0332,XIMENA SANCHEZ MORALES,Femenino,23.0,Superior,Médico Veterinario Zootecnista,,,PANOTLA,,2467571821,jonasximena56@gmail.com,Jóvenes,Inserción Laboral,,,Veterinaria,Vinculado
I-00194-00337,PER-0333,CESAR JAVIER CASTILLO GALLARDO,Masculino,24.0,Superior,Ingeniería Mecatrónica,,,CHIAUTEMPAN,,2462617220,cesarjaviermeca23@gmail.com,Jóvenes,Inserción Laboral,,,Mecánica y Mecatrónica,Vinculado
I-00195-00338,PER-0334,OSCAR CRUZ MALDONADO,Masculino,30.0,Superior,Ingeniería Mecatrónica,,,CHIAUTEMPAN,,2462170250,os_car_judok@hotmail.com,Jóvenes,Inserción Laboral,,,Mecánica y Mecatrónica,Vinculado
I-00196-00339,PER-0335,MARIA GUADALUPE AGUILA FERNANDEZ,Femenino,25.0,Superior,Administración,,,TEOLOCHOLCO,,2462473272,aguilalupe99@gmail.com,Jóvenes,Inserción Laboral,,,Administración,Vinculado
I-00197-00340,PER-0336,JOSE DE JESUS MENESES PEREZ,Masculino,25.0,Superior,Ingeniería en Sistemas Automotrices,,,SAN JERÓNIMO ZACUALPAN,,2461984532,jesus.meneses1@hotmail.com,Jóvenes,Inserción Laboral,,,Sistemas Automotrices,Vinculado
I-00198-00341,PER-0337,LAURA ESTELA RODRIGUEZ JIMENEZ,Femenino,35.0,Sin Dato,Secundaria,,,APIZACO,,2411086526,lala.rodjim@hotmail.com,Jóvenes,Inserción Laboral,,,Nivel educativo,Vinculado
I-00199-00342,PER-0338,BRUNO ALDAIR ACOLTZI FERNANDEZ,Femenino,30.0,Sin Dato,Sin Información,,,CHIAUTEMPAN,,2461156250,bigtruix1138@gmail.com,Jóvenes,Inserción Laboral,,,Sin Información,Vinculado
I-00200-00343,PER-0339,JAIME GONZALEZ HERNANDEZ,Femenino,56.0,Sin Dato,Sin Información,,,SAN DAMIÁN TEXOLOC,,2411834556,jaimehernandez71972@gmail.com,Jóvenes,Inserción Laboral,,,Sin Información,Vinculado
I-00201-00344,PER-0340,ALBERTO ANAEL SOLAS AGUOLA,Femenino,26.0,Superior,Técnico Eléctrico,,,CHIAUTEMPAN,,5519279113,albertoanael13@gmail.com,Jóvenes,Inserción Laboral,,,Electricidad y Electrónica,Vinculado
I-00202-00345,PER-0341,ESTEFANY PEREZ FLORES,Femenino,29.0,Superior,Ingeniería Química,,,YAUHQUEMECAN,,2412096611,fany.perezf07@gmail.com,Jóvenes,Inserción Laboral,,,Química y Biotecnología,Vinculado
I-00203-00346,PER-0342,MARIA LUISA CORONA FLORES,Femenino,26.0,Sin Dato,Sin Información,,,CHIAUTEMPAN,,6863211898,cmarialuisa782@gmail.com,Jóvenes,Inserción Laboral,,,Sin Información,Vinculado
I-00204-00347,PER-0343,LUCIANO MONTIEL RAMOS,Masculino,36.0,Superior,Ingeniería Química,,,APIZACO,,241119345,lucianomontielramos@hotmail.com,Jóvenes,Inserción Laboral,,,Química y Biotecnología,Vinculado
I-00205-00348,PER-0344,CASANDRA HERNANDEZ ORTEGA,Femenino,24.0,Superior,Ingeniería Industrial,,,AMAXAC DE GUERRERO,,2411778021,ortegahernandezcasandra@gmail.com,Jóvenes,Inserción Laboral,,,Industrial y Calidad,Vinculado
I-00206-00349,PER-0345,ARACELI YAMILE ISLAS JUAREZ,Femenino,,Sin Dato,Sin Información,,,LA MAGDALENA TLALTELULCO,,2461478344,islasjuarezaraceliyamile@gmail.com,Jóvenes,Inserción Laboral,,,Sin Información,Vinculado
I-00207-00350,PER-0346,JAVIER VAZQUEZ RODRIGUEZ,Masculino,,Sin Dato,Sin Información,,,CHIAUTEMPAN,,2462203570,vazquezdp76@hitmail.com,Jóvenes,Inserción Laboral,,,Sin Información,Vinculado
I-00208-00351,PER-0347,MIRIAM BAUTISTA PEREZ,Femenino,23.0,Superior,Ingeniería en Gestión Empresarial,,,ZACATELCO,,2462986840,pbautistamiriam@gmail.com,Jóvenes,Inserción Laboral,,,Administración,Vinculado
I-00209-00352,PER-0348,AARON JESUS FALCON ORTIZ,Masculino,,Superior,Psicología,,,ZACATELCO,,2461424740,psicologiaaaron@gmail.com,Jóvenes,Inserción Laboral,,,Psicología,Vinculado
I-00210-00353,PER-0349,FRANSUE CABRERA DELGADO,Masculino,,Superior,Derecho,,,TLAXCALA,,2462236615,cabreradelgado20@gmail.com,Jóvenes,Inserción Laboral,,,Derecho y Seguridad,Vinculado
I-00211-00354,PER-0350,ADRIAN CANO DE LA ROSA,Masculino,27.0,Superior,Bachillerato,,,CHIAUTEMPAN,,2462991047,adriancdpa981@gmail.com,Jóvenes,Inserción Laboral,,,Nivel educativo,Vinculado
I-00212-00355,PER-0351,EDWIN PEREZ LARA,Masculino,31.0,Superior,Ingeniería Industrial,,,PAPALOTLA DE XICOHTÉNCATL,,2225195527,edwin.perez.ingtec@gmail.com,Jóvenes,Inserción Laboral,,,Industrial y Calidad,Vinculado
I-00213-00356,PER-0352,NOE MENA SANCHEZ,Masculino,26.0,Superior,Actuaría,,,MAZATECOCHCO DE JOSÉ MARÍA MORELOS,,2213458282,noemenasanchez@hotmail.com,Jóvenes,Inserción Laboral,,,Economía y Finanzas,Vinculado
I-00214-00357,PER-0353,FATIMA GONZALEZ GUEVARA,Femenino,22.0,Superior,Ingeniería Industrial,,,APIZACO,,2462400208,gonzalezguevarafatima@gmail.com,Jóvenes,Inserción Laboral,,,Industrial y Calidad,Vinculado
I-00215-00358,PER-0354,BRENDA BRIONES GALAVIZ,Femenino,22.0,Superior,Innovación de Negocios y Mercadotecnia,,,TERRENATE,,2415934590,brendabrio876@gmail.com,Jóvenes,Inserción Laboral,,,Mercadotecnia,Vinculado
I-00216-00359,PER-0355,ANDREA ESMERALDA OLIVARES CORICHI,Femenino,25.0,Superior,Ingeniería en Administración,,,APIZACO,,2411371582,acorichi3@gmail.com,Jóvenes,Inserción Laboral,,,Administración,Vinculado
I-00217-00360,PER-0356,ISABEL LOPEZ HERNANDEZ,Femenino,23.0,Superior,Innovación de Negocios y Mercadotecnia,,,HUAMANTLA,,2471016823,isa.lopezhernandez0209@gmail.com,Jóvenes,Inserción Laboral,,,Mercadotecnia,Vinculado
I-00218-00361,PER-0002,ALEJANDRA LOPEZ MERINO,Femenino,21.0,Superior,Negocios Internacionales,,,TOTOLAC,,2467572923,alejalopmeri45@gmail.com,Jóvenes,Inserción Laboral,,,Comercio Internacional,Vinculado
P-00091-00362,PER-0008,ANAHI SORIA LOBATON,Femenino,22.0,Superior,Ingeniería Industrial,,,APIZACO,,2414135517,annie.soria.lob@gmail.com,Jóvenes,Prácticas Profesionales,,,Industrial y Calidad,Vinculado
P-00092-00363,PER-0359,GERARDO CASALES GODINEZ,Masculino,21.0,Superior,Ingeniería Industrial,,,APIZACO,,7221625304,gerardo.casales@outlook.com,Jóvenes,Prácticas Profesionales,,,Industrial y Calidad,Vinculado
I-00219-00364,PER-0360,MARIA JANNETT TORRES PATIÑO,Femenino,27.0,Superior,Licenciatura,,,HUAMANTLA,,2411741505,janntp015@gmail.com,Jóvenes,Inserción Laboral,,,Nivel educativo,Vinculado
I-00220-00365,PER-0361,CARLOS ANDRES ROJAS MILA,Masculino,24.0,Superior,Derecho,,,HUAMANTLA,,2471206442,rojasmilacarlosandres@gmail.com,Jóvenes,Inserción Laboral,,,Derecho y Seguridad,Vinculado
I-00221-00366,PER-0362,JANET ANGEL ANGEL,Femenino,22.0,Superior,Innovación de Negocios y Mercadotecnia,,,IXTENCO,,2471325975,janetangel1402@gmail.com,Jóvenes,Inserción Laboral,,,Mercadotecnia,Vinculado
I-00222-00367,PER-0363,ARTURO DIAZ VAZQUEZ,Masculino,26.0,Superior,Maestría,,,HUAMANTLA,,2211025046,cristianoarturo98@gmail.com,Jóvenes,Inserción Laboral,,,Nivel educativo,Vinculado
I-00223-00368,PER-0364,MARIA FERNANDA ROBLES HERNANDEZ,Femenino,22.0,Superior,Innovación de Negocios y Mercadotecnia,,,HUAMANTLA,,2474711900,mfernandarohdez@gmail.com,Jóvenes,Inserción Laboral,,,Mercadotecnia,Vinculado
I-00224-00369,PER-0365,SILVIA SINAHI MORALES HERNANDEZ,Femenino,19.0,Superior,Derecho,,,HUAMANTLA,,5.22e+16,silviasinahimoraleshernandez@gmail.com,Jóvenes,Inserción Laboral,,,Derecho y Seguridad,Vinculado
I-00225-00370,PER-0366,DANIELA GONZALEZ SALDAÑA,Femenino,23.0,Superior,Innovación de Negocios y Mercadotecnia,,,HUAMANTLA,,2471213713,gsdaniela1010@gmail.com,Jóvenes,Inserción Laboral,,,Mercadotecnia,Vinculado
I-00226-00371,PER-0367,LISSET GUADALUPE CARRILLO MARTINEZ,Femenino,27.0,Superior,Operación de Producción,,,HUAMANTLA,,2213450035,lizzcarrillo544@gmail.com,Jóvenes,Inserción Laboral,,,Producción y Manufactura,Vinculado
I-00227-00372,PER-0368,LUIS DANIEL ALTAMIRANO HERNANDEZ,Masculino,24.0,Superior,Ingeniería,,,HUAMANTLA,,2471075732,luisdaniel.a.h.0307@gmail.com,Jóvenes,Inserción Laboral,,,Nivel educativo,Vinculado
I-00228-00373,PER-0369,YERENNISSEY MEDINA PEREZ,Femenino,40.0,Superior,Auxiliar Administrativo,,,HUAMANTLA,,2411493354,mepeyere33@gmail.com,Jóvenes,Inserción Laboral,,,Administración,Vinculado
I-00229-00374,PER-0370,NANCY CITLALY ZAMORA MILA,Femenino,20.0,Superior,Costura y Computación,,,HUAMANTLA,,2471017448,citlalynan201@gmail.com,Jóvenes,Inserción Laboral,,,Sin área específica,Vinculado
I-00230-00375,PER-0371,ULISES PATLANI ESPINOZA,Masculino,20.0,Superior,Ámbito Electrónico,,,HUAMANTLA,,2224425262,ulisespatlani14@gmail.com,Jóvenes,Inserción Laboral,,,Electricidad y Electrónica,Vinculado
I-00231-00376,PER-0372,CAROLINA BONILLA ESPINOSA,Femenino,49.0,Superior,Técnico,,,HUAMANTLA,,2471099120,cb9488712@gmail.com,Jóvenes,Inserción Laboral,,,Nivel educativo,Vinculado
I-00232-00377,PER-0373,GUADALUPE JIMENEZ CUEVAS,Femenino,23.0,Superior,Psicología,,,HUAMANTLA,,2471315521,jimenezlupita458@gmail.com,Jóvenes,Inserción Laboral,,,Psicología,Vinculado
I-00233-00378,PER-0374,BIBIANA LOPEZ GARCIA,Femenino,31.0,Superior,Seguridad Industrial,,,CUAPIAXTLA,,,bibiana.lopez.garcia@hotmail.com,Jóvenes,Inserción Laboral,,,Seguridad Ocupacional,Vinculado
I-00234-00379,PER-0375,JOSE JUAN QUECHOL SANCHEZ,Masculino,25.0,Superior,Ingeniería Eléctrica,,,HUAMANTLA,,2471076331,quechol.sanchez.jose.juan@gmail.com,Jóvenes,Inserción Laboral,,,Electricidad y Electrónica,Vinculado
I-00235-00380,PER-0376,ABIGAIL RODRIGUEZ VALENCIA,Femenino,29.0,Sin Dato,Sin Información,,,HUAMANTLA,,2471073543,abbyval32@gmail.com,Jóvenes,Inserción Laboral,,,Sin Información,Vinculado
I-00236-00381,PER-0377,MARIA SARAY SANCHEZ MARTINEZ,Femenino,29.0,Superior,Psicopedagogía,,,HUAMANTLA,,2471084328,sara999bb@gmail.com,Jóvenes,Inserción Laboral,,,Psicología,Vinculado
I-00237-00382,PER-0378,JOSE ANTONIO MONTERO LOPEZ,Masculino,41.0,Superior,Calidad,,,HUAMANTLA,,2471184621,joseantoniomonterolopez@gmail.com,Jóvenes,Inserción Laboral,,,Industrial y Calidad,Vinculado
I-00238-00383,PER-0379,CARLOS ALBERTO PEÑA ARRIAGA,Masculino,22.0,Superior,Mantenimiento Industrial,,,HUAMANTLA,,2471385180,carlospenaarriaga26@gmail.com,Jóvenes,Inserción Laboral,,,Mantenimiento,Vinculado
I-00239-00384,PER-0380,ARLHETT ALEJANDRA TELLEZ GONZALEZ,Femenino,21.0,Sin Dato,Sin Información,,,HUAMANTLA,,2471399955,arlhetttellez@gmail.com,Jóvenes,Inserción Laboral,,,Sin Información,Vinculado
I-00240-00385,PER-0381,GUSTAVO RAMIREZ PARRAGUIRRE,Masculino,24.0,Superior,Ingeniería en Procesos y Operaciones Industriales,,,HUAMANTLA,,5659899953,guzparraguirre@gmail.com,Jóvenes,Inserción Laboral,,,Producción y Manufactura,Vinculado
I-00241-00386,PER-0382,JOSE CARLOS RUIZ ROMERO,Masculino,24.0,Superior,Psicología,,,HUAMANTLA,,2471240974,josecarlosruizromero@gmail.com,Jóvenes,Inserción Laboral,,,Psicología,Vinculado
I-00242-00387,PER-0383,ALAN ANGOA AVILA,Masculino,27.0,Superior,Ingeniería en Sistemas Computacionales,,,IXTENCO,,2201194762,angoa1509@gmail.com,Jóvenes,Inserción Laboral,,,TI y Sistemas,Vinculado
I-00243-00388,PER-0384,IRIS CERON SOLIS,Femenino,30.0,Superior,Ingeniería en Sistemas Computacionales,,,IXTENCO,,2471389336,irisceron2308@gmail.com,Jóvenes,Inserción Laboral,,,TI y Sistemas,Vinculado
I-00244-00389,PER-0385,LAURA XIMENA DEGANTE GONZALES,Femenino,25.0,Superior,Administración,,,HUAMANTLA,,2471185018,laura.degante.gonzales.@gmail.com,Jóvenes,Inserción Laboral,,,Administración,Vinculado
I-00245-00390,PER-0386,RENATO BALDERAS GONZALES,Masculino,,Superior,Seguridad Nacional,,,HUAMANTLA,,2218429067,renato.balderas.@gmail.com,Jóvenes,Inserción Laboral,,,Derecho y Seguridad,Vinculado
I-00246-00391,PER-0387,ANGELES VEDOYA HERNANDEZ,Femenino,23.0,Superior,Administración Turística,,,HUAMANTLA,,2471745923,angeles.vedoya@gmail.com,Jóvenes,Inserción Laboral,,,Turismo,Vinculado
I-00247-00392,PER-0388,JOSE GUADALUPE MERINO MONDRAGON,Masculino,,Superior,Logística y Transporte,,,ALTZAYANCA,,5583577779,jmerinomondagron@gmail.com,Jóvenes,Inserción Laboral,,,Logística y Transporte,Vinculado
I-00248-00393,PER-0389,ALEJANDRA TABALES CUEVAS,Femenino,28.0,Superior,Técnico en Puericultura,,,HUAMANTLA,,2471393166,alexa_ale05@hotmail.com,Jóvenes,Inserción Laboral,,,Educación,Vinculado
I-00249-00394,PER-0390,ELIA LUCIA TABALES CUEVAS,Femenino,32.0,Superior,Psicología,,,HUAMANTLA,,2471274341,lucy_te11@hotmail.com,Jóvenes,Inserción Laboral,,,Psicología,Vinculado
I-00250-00395,PER-0391,LAURA LIDIA MARIANO VAZQUEZ,Femenino,30.0,Superior,Ingeniería Industrial,,,HUAMANTLA,,2471381435,aidil97mariano@gmail.com,Jóvenes,Inserción Laboral,,,Industrial y Calidad,Vinculado
I-00251-00396,PER-0392,MARLETT GUADALUPE CERVANTES CARMONA,Femenino,23.0,Superior,Ingeniería Electrónica,,,HUAMANTLA,,2471278161,marlettcarmona2@gmail.com,Jóvenes,Inserción Laboral,,,Electricidad y Electrónica,Vinculado
I-00252-00397,PER-0393,JULIO CESAR LEAN MONTIEL,Masculino,46.0,Superior,TSU en Procesos de Producción,,,HUAMANTLA,,2461136573,jclean.montiel@gmail.com,Jóvenes,Inserción Laboral,,,Producción y Manufactura,Vinculado
I-00253-00398,PER-0394,JUAN SANCHEZ PLUMA,Masculino,46.0,Superior,Técnico,,,LA MAGDALENA TLALTELULCO,,2461048158,jsanchezpluma1@hotmail.com,Jóvenes,Inserción Laboral,,,Nivel educativo,Vinculado
I-00254-00399,PER-0395,ALEJANDRO CORONA FLORES,Masculino,19.0,Sin Dato,Secundaria,,,HUAMANTLA,,2471082983,alef05700@gmail.com,Jóvenes,Inserción Laboral,,,Nivel educativo,Vinculado
I-00255-00400,PER-0396,GIOVANNI COTE TETLALMATZI,Masculino,24.0,Superior,Derecho,,,CONTLA DE JUAN CUAMATZI,,2461505448,giovanni55tetlalmatzi@gmail.com,Jóvenes,Inserción Laboral,,,Derecho y Seguridad,Vinculado
I-00256-00401,PER-0397,YESENIA SANCHEZ GARCIA,Femenino,25.0,Superior,Ingeniería Industrial,,,CHIAUTEMPAN,,2462989173,yesscook40@gmail.com,Jóvenes,Inserción Laboral,,,Industrial y Calidad,Vinculado
I-00257-00402,PER-0398,GRISSELDA NAVA CUATECONTZI,Femenino,24.0,Superior,Ingeniería Química,,,CONTLA DE JUAN CUAMATZI,,2463353767,griss.nvc@gmail.com,Jóvenes,Inserción Laboral,,,Química y Biotecnología,Vinculado
I-00258-00403,PER-0399,ANA ARELI MELENDEZ BELLO,Femenino,27.0,Superior,Ingeniería Industrial,,,CHIAUTEMPAN,,2461497448,are_li05@hotmail.com,Jóvenes,Inserción Laboral,,,Industrial y Calidad,Vinculado
I-00259-00404,PER-0400,JOSE MANUEL LEON GONZALEZ,Masculino,35.0,Media Superior,Bachillerato,,,SAN DAMIÁN TEXOLOC,,2462200696,jmlg9890ag@gmail.com,Jóvenes,Inserción Laboral,,,Nivel educativo,Vinculado
I-00260-00405,PER-0401,ALTOVELI TEMOLTZI VELAZQUEZ,Masculino,36.0,Superior,Mantenimiento Industrial,,,TETLA DE LA SOLIDARIDAD,,2411479276,slaykarime@gmail.com,Jóvenes,Inserción Laboral,,,Mantenimiento,Vinculado
I-00261-00406,PER-0402,SEBASTIAN AMARO ALVARADO,Masculino,22.0,Superior,Administración,,,APETATITLÁN DE ANTONIO CARVAJAL,,2462426159,sebastian.amaroalvarado.cele@gmail.com,Jóvenes,Inserción Laboral,,,Administración,Vinculado
I-00262-00407,PER-0403,CARLOS URIEL AGUILAR DELGADO,Masculino,23.0,Media Superior,Bachillerato,,,HUAMANTLA,,2471317188,uaguilar0214@gmail.com,Jóvenes,Inserción Laboral,,,Nivel educativo,Vinculado
I-00263-00408,PER-0404,SANTA DE LOS SANTOS CUELLAR,Femenino,32.0,Superior,Ingeniería en Logística Comercial Global,,,HUAMANTLA,,2471000909,santi_cuellar08@hotmail.com,Jóvenes,Inserción Laboral,,,Logística y Transporte,Vinculado
I-00264-00409,PER-0405,FERNANDO ABURTO SANTAMARIA,Masculino,30.0,Superior,Ingeniería Industrial,,,EL CARMEN TEQUEXQUITLA,,2203382642,kuka_gmbh@hotmail.com,Jóvenes,Inserción Laboral,,,Industrial y Calidad,Vinculado
I-00265-00410,PER-0406,SONIA MERINO LOPEZ,Femenino,53.0,Superior,Administración,,,CUAPIAXTLA,,2761234512,yasonan1607@gmail.com,Jóvenes,Inserción Laboral,,,Administración,Vinculado
I-00266-00411,PER-0407,CRISTIAN LOPEZ CATILLO,Masculino,26.0,Superior,Comercio Internacional,,,CUAPIAXTLA,,2461294149,castilloloc12@gmail.com,Jóvenes,Inserción Laboral,,,Comercio Internacional,Vinculado
I-00267-00412,PER-0408,LUZ MARIA MARTINEZ VALEVIO,Femenino,24.0,Superior,Logística y Transporte,,,EL CARMEN TEQUEXQUITLA,,2471184225,luzma00685@gmail.com,Jóvenes,Inserción Laboral,,,Logística y Transporte,Vinculado
I-00268-00413,PER-0409,GUADALUPE MONTES CASTILLO,Femenino,33.0,Sin Dato,Sin Información,,,CUAPIAXTLA,,2461047587,guadalupe@788gmail.com,Jóvenes,Inserción Laboral,,,Sin Información,Vinculado
I-00269-00414,PER-0410,DIANA LAURA HERNANDEZ GUERRERO,Femenino,30.0,Superior,Ingeniería en Logística Comercial Global,,,ALTZAYANCA,,5549138513,19dl.02@gmail.com,Jóvenes,Inserción Laboral,,,Logística y Transporte,Vinculado
I-00270-00415,PER-0411,MARIA DE LA LUZ LOPEZ CUAPILLA,Femenino,50.0,Sin Dato,Empleado,,,CUAPIAXTLA,,2471044417,ml1247542@gmail.com,Jóvenes,Inserción Laboral,,,Sin área específica,Vinculado
I-00271-00416,PER-0412,LUIS EDUARDO PINEDA CORDERO,Masculino,23.0,Superior,Automatización y Diseño,,,CUAPIAXTLA,,2471248220,luis.eduardopineda210@gmail.com,Jóvenes,Inserción Laboral,,,Mecánica y Mecatrónica,Vinculado
I-00272-00417,PER-0413,MAYTE GALVEZ MORALES,Femenino,,Superior,Ingeniería en Gestión Empresarial,,,CUAPIAXTLA,,2762127308,maygal246@gmail.com,Jóvenes,Inserción Laboral,,,Administración,Vinculado
I-00273-00418,PER-0414,DAVID FERNANDEZ SANCHEZ,Masculino,25.0,Superior,Ingeniería en Procesos y Operaciones Industriales,,,HUAMANTLA,,2471063912,dfs9910@gmail.com,Jóvenes,Inserción Laboral,,,Producción y Manufactura,Vinculado
I-00274-00419,PER-0415,DIEGO ALBERTO CEJUDO MARTINEZ,Masculino,24.0,Sin Dato,Sin Información,,,HUAMANTLA,,2471046427,diego.cemartinez@hotmail.com,Jóvenes,Inserción Laboral,,,Sin Información,Vinculado
I-00275-00420,PER-0416,HIGINIO ROBERTO FLORES LAGUNAS,Masculino,50.0,Sin Dato,Sin Información,,,APIZACO,,0,robertolagunas1825@gmail.com,Jóvenes,Inserción Laboral,,,Sin Información,Vinculado
I-00276-00421,PER-0417,VIANNEY HUERTA JUAREZ,Femenino,30.0,Superior,Ingeniería Química,,,CUAPIAXTLA,,2471061743,vianyhj95@gmail.com,Jóvenes,Inserción Laboral,,,Química y Biotecnología,Vinculado
I-00277-00422,PER-0418,EDGAR GARCIA PEREZ,Masculino,31.0,Superior,Ingeniería Mecatrónica,,,ESPAÑITA,,2481389256,fenixforever12@hotmail.com,Jóvenes,Inserción Laboral,,,Mecánica y Mecatrónica,Vinculado
I-00278-00423,PER-0419,MIGUEL ANGEL RIVERA HERNANDEZ,Masculino,23.0,Superior,Ingeniería Industrial,,,TEOLOCHOLCO,,2462480963,anhrndz.1407@gmail.com,Jóvenes,Inserción Laboral,,,Industrial y Calidad,Vinculado
I-00279-00424,PER-0420,ARLETTE RODRIGUEZ PADILLA,Femenino,22.0,Superior,Ingeniería Industrial,,,TLAXCALA,,2461876674,rodriguezarlette373@gmail.com,Jóvenes,Inserción Laboral,,,Industrial y Calidad,Vinculado
I-00280-00425,PER-0421,FATIMA MARLEN SANCHEZ HERNANDEZ,Femenino,23.0,Superior,Logística y Transporte,,,APIZACO,,2411165811,maarhs344@gmail.com,Jóvenes,Inserción Laboral,,,Logística y Transporte,Vinculado
I-00281-00426,PER-0422,ARTURO ATONAL SANCHEZ,Masculino,27.0,Superior,Ingeniería en Sistemas Automotrices,,,TEOLOCHOLCO,,2461331670,arturord7@gmail.com,Jóvenes,Inserción Laboral,,,Sistemas Automotrices,Vinculado
I-00282-00427,PER-0392,GUADALUPE MARLETT CERVANTES CARMONA,Femenino,24.0,Superior,Ingeniería Eléctrica,,,HUAMANTLA,,2471278161,marlettcarmona2@gmail.com,Jóvenes,Inserción Laboral,,,Electricidad y Electrónica,Vinculado
I-00283-00428,PER-0423,ADOLFO FLORES CUAHUTLE,Masculino,25.0,Superior,Ingeniería en Sistemas Automotrices,,,TEOLOCHOLCO,,2461212026,adolfoflorescuahutle7@gmail.com,Jóvenes,Inserción Laboral,,,Sistemas Automotrices,Vinculado
I-00284-00429,PER-0424,BLANCA ESMERALDA FERNANDEZ ZAMORA,Femenino,,Superior,Desarrollo de Negocios Área de Mercadotecnia,,,HUAMANTLA,,2471049150,esmeralda.fer.zam012@gmail.com,Jóvenes,Inserción Laboral,,,Mercadotecnia,Vinculado
I-00285-00430,PER-0425,AYDE MARILI HERNANDEZ MENESES,Femenino,,Superior,Desarrollo de Negocios Área de Mercadotecnia,,,HUAMANTLA,,2224076743,aydemeneses13@gmail.com,Jóvenes,Inserción Laboral,,,Mercadotecnia,Vinculado
I-00286-00431,PER-0426,MICHEELY CUATEPOTZO LOAIZA,Femenino,,Superior,Negocios Internacionales,,,APIZACO,,2461062441,micheely12@gmail.com,Jóvenes,Inserción Laboral,,,Comercio Internacional,Vinculado
I-00287-00432,PER-0427,GABRIELA ROJAS PEREZ,Femenino,,Superior,Derecho,,,TENANCINGO,,2223429040,gabrielarojas@hotmail.com,Jóvenes,Inserción Laboral,,,Derecho y Seguridad,Vinculado
I-00288-00433,PER-0428,ESTEFANNY TEPEPA LOPEZ,Femenino,,Superior,Nutrición,,,Otro Estado,,2463240936,tlopezfanny@gmail.com,Jóvenes,Inserción Laboral,,,Salud,Vinculado
I-00289-00434,PER-0429,JESUS ANTONIO ZARATE ROMERO,Masculino,,Superior,Ingeniería Química,,,SANTA ANA NOPALUCAN,,2461410009,simpleslipknot1999@gmail.com,Jóvenes,Inserción Laboral,,,Química y Biotecnología,Vinculado
I-00290-00435,PER-0430,ALEJANDRA PAOLA ZARATE ROMERO,Femenino,,Superior,Derecho,,,SANTA ANA NOPALUCAN,,2563778694,scarlettcaballero9797@gmail.com,Jóvenes,Inserción Laboral,,,Derecho y Seguridad,Vinculado
I-00291-00436,PER-0431,GEMA SALAMANCA GOMEZ,Femenino,,Superior,Ciencias de la Educación,,,ZACATELCO,,2461701695,gemasalamanca16@gmail.com,Jóvenes,Inserción Laboral,,,Educación,Vinculado
I-00292-00437,PER-0432,EVELYN GUADALUPE CORNEJO MAGDALENO,Femenino,,Superior,Ciencias de la Educación,,,XALOSTOC,,24111083560,evelyncornejo223@gmail.com,Jóvenes,Inserción Laboral,,,Educación,Vinculado
I-00293-00438,PER-0433,ALEJANDRO PEREZ BERNAL,Masculino,28.0,Sin Dato,Sin Información,,,APETATITLÁN DE ANTONIO CARVAJAL,,2462639283,alejandro.bernal.cele@gmail.com,Jóvenes,Inserción Laboral,,,Sin Información,Vinculado
I-00294-00439,PER-0434,CARLOS ALEXIS HERNANDEZ GARCIA,Masculino,29.0,Superior,Ingeniería Electrónica,,,TOCATLÁN,,2411626283,jsmith.alex07@gmail.com,Jóvenes,Inserción Laboral,,,Electricidad y Electrónica,Vinculado
I-00295-00440,PER-0435,ANGELICA PORTILLO MARTINEZ,Femenino,32.0,Superior,Enfermería,,,APIZACO,,2411246199,gelis93021@outlook.com,Jóvenes,Inserción Laboral,,,Salud,Vinculado
I-00296-00441,PER-0436,ALICIA PINEDA HERNANDEZ,Femenino,24.0,Superior,Ingeniería Química,,,TETLA DE LA SOLIDARIDAD,,2411677594,alicpihrdz53@gmail.com,Jóvenes,Inserción Laboral,,,Química y Biotecnología,Vinculado
I-00297-00442,PER-0437,LEONARDO BELLO MONTIEL,Masculino,21.0,Sin Dato,Ayudante General,,,APIZACO,,2411966332,leomontiel2008@gmail.com,Jóvenes,Inserción Laboral,,,Sin área específica,Vinculado
I-00298-00443,PER-0438,DULCE MICHEL GONZALES MATAMOROS,Femenino,25.0,Superior,Negocios Internacionales,,,APIZACO,,2411571779,matamorosdulce60@gmail.com,Jóvenes,Inserción Laboral,,,Comercio Internacional,Vinculado
I-00299-00444,PER-0439,CARLOS BRANDON CORDERO GALINDO,Masculino,28.0,Superior,Ingeniería Electromecánica,,,XALTOCAN,,4421976898,cogagoga04@gmail.com,Jóvenes,Inserción Laboral,,,Mecánica y Mecatrónica,Vinculado
I-00300-00445,PER-0440,AXEL STEVEN CRUZ HERNANDEZ,Masculino,24.0,Superior,Ingeniería en Biotecnología,,,APIZACO,,2411639956,axelcarlos2001@gmail.com,Jóvenes,Inserción Laboral,,,Química y Biotecnología,Vinculado
I-00301-00446,PER-0441,MAR CARIBE RUGERIO RAMOS,Masculino,47.0,Superior,Ingeniería Electromecánica,,,TLAXCALA,,3921021969,automationdemar@gmail.com,Jóvenes,Inserción Laboral,,,Mecánica y Mecatrónica,Vinculado
I-00302-00447,PER-0442,JOSE OCTAVIO SALAS SOLANO,Masculino,38.0,Superior,Ingeniería Química,,,APIZACO,,6181897135,joseoctavio.salas@outlook.com,Jóvenes,Inserción Laboral,,,Química y Biotecnología,Vinculado
I-00303-00448,PER-0443,ALAN ARTURO CORTES RAMIREZ,Masculino,33.0,Superior,Ingeniería en Biotecnología,,,APIZACO,,2411960619,alancr.36@outlook.com,Jóvenes,Inserción Laboral,,,Química y Biotecnología,Vinculado
I-00304-00449,PER-0444,LIZBETH MORALES LOZADA,Femenino,25.0,Superior,Ingeniería en Administración,,,APIZACO,,2412225258,lizbethmoraleslozada@gmail.com,Jóvenes,Inserción Laboral,,,Administración,Vinculado
I-00305-00450,PER-0445,HELEN YURITZY RAMIREZ GONZALEZ,Femenino,32.0,Superior,Ingeniería en Biotecnología,,,YAUHQUEMECAN,,2414103219,helenramirez2392@hotmail.com,Jóvenes,Inserción Laboral,,,Química y Biotecnología,Vinculado
I-00306-00451,PER-0446,LEZLY PAOLA RIVERA RIVERA,Femenino,21.0,Superior,Ingeniería en Biotecnología,,,CALPULALPAN,,7491060768,lezlypaola231103@gmail.com,Jóvenes,Inserción Laboral,,,Química y Biotecnología,Vinculado
I-00307-00452,PER-0447,JANET SANCHEZ RAMIREZ,Femenino,31.0,Media Superior,Bachillerato,,,TZOMPANTEPEC,,2411215996,jannsanchez1993@gmail.com,Jóvenes,Inserción Laboral,,,Nivel educativo,Vinculado
I-00308-00453,PER-0448,MIRIAM GONZALEZ AGUILA,Femenino,34.0,Superior,Ingeniería Industrial,,,APIZACO,,2412393874,milysha08@gmail.com,Jóvenes,Inserción Laboral,,,Industrial y Calidad,Vinculado
I-00309-00454,PER-0449,IRMA LIZBETH MORALES SANCHEZ,Femenino,26.0,Superior,Administración,,,APIZACO,,2411157180,lizbeth_0951@hormail.com,Jóvenes,Inserción Laboral,,,Administración,Vinculado
I-00310-00455,PER-0450,JOSE DANIEL PACHECO DOMINGUEZ,Masculino,32.0,Superior,Ingeniería Industrial,,,TETLA DE LA SOLIDARIDAD,,2411242150,pachecodjd54@gmail.com,Jóvenes,Inserción Laboral,,,Industrial y Calidad,Vinculado
I-00311-00456,PER-0451,RICARDO VEGA PEREZ,Masculino,31.0,Superior,Ingeniería en Tecnologías de la Información y Comunicación,,,CHIAUTEMPAN,,2464936296,ricardo.vega94@hotmail.com,Jóvenes,Inserción Laboral,,,TI y Sistemas,Vinculado
I-00312-00457,PER-0452,FELIPE MENDEZ MARTINEZ,Masculino,46.0,Superior,Ingeniería en Logística y Transporte,,,APIZACO,,2411122157,audimexale@gmail.com,Jóvenes,Inserción Laboral,,,Logística y Transporte,Vinculado
I-00313-00458,PER-0453,MARIA ELENA QUINTANA RODRIGUEZ,Femenino,31.0,Superior,Administración de Empresas,,,TETLA DE LA SOLIDARIDAD,,2283609508,126130196@utgz.edu.mx,Jóvenes,Inserción Laboral,,,Administración,Vinculado
I-00314-00459,PER-0454,ESTEFANIA MORENO CARREÑO,Femenino,24.0,Superior,Mantenimiento Industrial,,,TETLA DE LA SOLIDARIDAD,,2411698331,fanny2016mc@gmail.com,Jóvenes,Inserción Laboral,,,Mantenimiento,Vinculado
I-00315-00460,PER-0455,JOSE ALFREDO PEREZ ZAMORA,Masculino,21.0,Sin Dato,Sin Información,,,APIZACO,,2215752074,jalfredopzamora@gmail.com,Jóvenes,Inserción Laboral,,,Sin Información,Vinculado
I-00316-00461,PER-0456,ALICIA ZISTECATL MARQUEZ,Femenino,34.0,Superior,Ingeniería en Gestión Empresarial,,,TZOMPANTEPEC,,2411034823,alicia_zm31@hotmail.com,Jóvenes,Inserción Laboral,,,Administración,Vinculado
I-00317-00462,PER-0457,OSCAR CRUZ CABRERA,Masculino,34.0,Superior,Ingeniería Mecatrónica,,,TLAXCALA,,2462668434,cruzcabreraoscar911@gmail.com,Jóvenes,Inserción Laboral,,,Mecánica y Mecatrónica,Vinculado
I-00318-00463,PER-0458,ARLETH ALONSO PEREZ,Femenino,22.0,Superior,Ingeniería Financiera,,,SANTA CRUZ TLAXCALA,,2462965844,alonsoperezarleth@gmail.com,Jóvenes,Inserción Laboral,,,Economía y Finanzas,Vinculado
I-00319-00464,PER-0459,JUAN CARLOS HERNANDEZ GUTIERREZ,Masculino,26.0,Superior,Ingeniería en Gestión Empresarial,,,APIZACO,,2411956019,juan_carlos_991@outlook.com,Jóvenes,Inserción Laboral,,,Administración,Vinculado
I-00320-00465,PER-0460,CYNTHIA HERNANDEZ LOPEZ,Femenino,25.0,Superior,Ingeniería Industrial,,,SANTA CRUZ TLAXCALA,,2218950131,hernandezlopezcynthia281@hotmail.com,Jóvenes,Inserción Laboral,,,Industrial y Calidad,Vinculado
I-00321-00466,PER-0461,YESENIA FLORES VALENCIA,Femenino,20.0,Media Superior,Bachillerato,,,HUAMANTLA,,2411943643,yesfloresv5@gmail.com,Jóvenes,Inserción Laboral,,,Nivel educativo,Vinculado
I-00322-00467,PER-0462,AXEL EDREY SOTELO MENDOZA,Masculino,26.0,Superior,Gestión del Capital Humano,,,Indefinido,,2211057664,axel.some27@gmail.com,Jóvenes,Inserción Laboral,,,Recursos Humanos,Vinculado
I-00323-00468,PER-0463,JOSE LUIS RIVERA HERRERA,Masculino,24.0,Superior,Ingeniería Química,,,EMILIANO ZAPATA,,2411931431,joselrh0406@gmail.com,Jóvenes,Inserción Laboral,,,Química y Biotecnología,Vinculado
I-00324-00469,PER-0464,MARGARITA SANCHEZ ARMENTA,Femenino,28.0,Superior,Ingeniería en Gestión Empresarial,,,TLAXCO,,2411761591,margarita.armenta@outlook.com,Jóvenes,Inserción Laboral,,,Administración,Vinculado
I-00325-00470,PER-0465,MARCOSH HERNANDEZ CAMACHO,Masculino,25.0,Sin Dato,Ayudante General,,,TEOLOCHOLCO,,2461410015,hernandezcamachomarcos@gmail.com,Jóvenes,Inserción Laboral,,,Sin área específica,Vinculado
I-00326-00471,PER-0466,CANDELARIA MARQUEZ GARCIA,Femenino,27.0,Superior,Administración de Empresas,,,PAPALOTLA DE XICOHTÉNCATL,,2225292903,candemarquez343@gmail.com,Jóvenes,Inserción Laboral,,,Administración,Vinculado
I-00327-00472,PER-0467,REYES MARTINEZ GUTIERREZ,Masculino,26.0,Superior,Ingeniería Industrial,,,ACUAMANALA DE MIGUEL HIDALGO,,2462438399,rg439592@gmail.com,Jóvenes,Inserción Laboral,,,Industrial y Calidad,Vinculado
I-00328-00473,PER-0468,MARCO ARTURO SALAMANCA VEGA,Masculino,29.0,Superior,Ingeniería,,,TEOLOCHOLCO,,2461349420,msalamancavega@gmail.com,Jóvenes,Inserción Laboral,,,Nivel educativo,Vinculado
I-00329-00474,PER-0469,ANA LIZETH TEXIS XICOHTENCATL,Femenino,24.0,Superior,Ingeniería en Biotecnología,,,TEOLOCHOLCO,,2461474312,anatexis75@gmail.com,Jóvenes,Inserción Laboral,,,Química y Biotecnología,Vinculado
I-00330-00475,PER-0470,OLIVIA ALEJANDRA SANCHEZ MENDEZ,Femenino,23.0,Superior,Ingeniería Química,,,TEOLOCHOLCO,,2462202551,ale.4092001.sanchez@gmail.com,Jóvenes,Inserción Laboral,,,Química y Biotecnología,Vinculado
I-00331-00476,PER-0471,MARIA DEL CARMEN MENDIETA CONDE,Femenino,30.0,Superior,Ingeniería Química,,,SAN FRANCISCO TETLANOHCAN,,2461839224,maricarmenmendieta21@gmail.com,Jóvenes,Inserción Laboral,,,Química y Biotecnología,Vinculado
I-00332-00477,PER-0472,VICTOR HERNANDEZ ESCOBAR,Masculino,21.0,Superior,Ingeniería Mecatrónica,,,PAPALOTLA DE XICOHTÉNCATL,,2462704963,leonard.aven1@gmail.com,Jóvenes,Inserción Laboral,,,Mecánica y Mecatrónica,Vinculado
I-00333-00478,PER-0473,JAIME RODRIGUEZ SANCHEZ,Masculino,22.0,Superior,Ingeniería Mecatrónica,,,TEOLOCHOLCO,,2462431340,ja12e46y73@gmail.com,Jóvenes,Inserción Laboral,,,Mecánica y Mecatrónica,Vinculado
I-00334-00479,PER-0474,JOSE LUIS MELENDEZ SALAZAR,Masculino,25.0,Superior,Ingeniería Industrial,,,TEOLOCHOLCO,,2461267261,j.luis.melendez15@gmail.com,Jóvenes,Inserción Laboral,,,Industrial y Calidad,Vinculado
I-00335-00480,PER-0475,MYRIAM TZOMPANTZI GASPARIANO,Femenino,23.0,Superior,Ingeniería Industrial,,,TEOLOCHOLCO,,2215748395,myriamtzompantzigaspa.09@gmail.com,Jóvenes,Inserción Laboral,,,Industrial y Calidad,Vinculado
I-00336-00481,PER-0476,OSBALDO ATONAL SALAZAR,Masculino,26.0,Superior,Negocios Internacionales,,,TEOLOCHOLCO,,2216679026,salazarosbaldo37@gmail.com,Jóvenes,Inserción Laboral,,,Comercio Internacional,Vinculado
I-00337-00482,PER-0477,ALMA YULENI TEXIS TEXIS,Femenino,30.0,Superior,Ingeniería Industrial,,,TEOLOCHOLCO,,2213494384,almatexis6@gmail.com,Jóvenes,Inserción Laboral,,,Industrial y Calidad,Vinculado
I-00338-00483,PER-0478,HELDER CERVANTES MENESES,Masculino,23.0,Superior,Ingeniería Química,,,SAN DAMIÁN TEXOLOC,,2462243246,heldermenesesm@gmail.com,Jóvenes,Inserción Laboral,,,Química y Biotecnología,Vinculado
I-00339-00484,PER-0479,VIANEY PEREZ ELVIRA,Femenino,26.0,Superior,Administración,,,APIZACO,,2215846162,vperezelvira@gmail.com,Jóvenes,Inserción Laboral,,,Administración,Vinculado
I-00340-00485,PER-0480,IVONNE SALAMANCA RODRIGUEZ,Femenino,23.0,Superior,Tecnologías de la Información y Comunicación,,,TEOLOCHOLCO,,2461915556,ivon70229@gmail.com,Jóvenes,Inserción Laboral,,,TI y Sistemas,Vinculado
I-00341-00486,PER-0481,MARIA EUGENIA CANSINO CEDEÑO,Femenino,48.0,Sin Dato,Sin Información,,,SANTA ISABEL XILOXOXTLA,,5513795460,maru.cancino@yahoo.com.mx,Jóvenes,Inserción Laboral,,,Sin Información,Vinculado
I-00342-00487,PER-0482,CHRISTIAN IGNACIO MORENO OLVERA,Masculino,22.0,Sin Dato,Sin Información,,,SAN PABLO DEL MONTE,,2205008734,cristianmoreno8506@gmail.com,Jóvenes,Inserción Laboral,,,Sin Información,Vinculado
I-00343-00488,PER-0483,IMELDA MORALES TORRES,Femenino,28.0,Superior,Ingeniería Financiera,UTT,,TEOLOCHOLCO,,2223783248,ime.mora11@gmail.com,Jóvenes,Inserción Laboral,,,Economía y Finanzas,Vinculado
I-00344-00489,PER-0484,WENDY AGUIRRE PEREZ,Femenino,26.0,Media Superior,Bachillerato,UTT,,SAN PABLO DEL MONTE,,2228419615,perez68wen@gmail.com,Jóvenes,Inserción Laboral,,,Nivel educativo,Vinculado
I-00345-00490,PER-0485,BRYAN YAMIL CARRASCO CERVANTES,Masculino,25.0,Superior,Pasante,UTT,,APIZACO,,2412396989,pppppi.gv@gmail.com,Jóvenes,Inserción Laboral,,,Sin área específica,Vinculado
I-00346-00491,PER-0486,YESENIA GRACIA ROSETE,Femenino,24.0,Superior,Negocios Internacionales,UPTx,,CHIAUTEMPAN,,2461853885,roseteyesenia@gmail.com,Jóvenes,Inserción Laboral,,,Comercio Internacional,Vinculado
I-00347-00492,PER-0487,SERGIO CORTEZ REGUEIRA,Masculino,25.0,Superior,Ingeniería Química,UTT,,HUAMANTLA,,2471743892,sergioregueira35@gmail.com,Jóvenes,Inserción Laboral,,,Química y Biotecnología,Vinculado
I-00348-00493,PER-0488,DULCE OLIVIA JIMENEZ TECOZAHUATZI,Femenino,34.0,Superior,Ingeniería,UTT,,SANTA ISABEL XILOXOXTLA,,2221397069,dojimenezt@gmail.com,Jóvenes,Inserción Laboral,,,Nivel educativo,Vinculado
I-00349-00494,PER-0489,GRECIA CARREÑO ALVAREZ,Femenino,23.0,Superior,Pedagogía,UTT,,TZOMPANTEPEC,,2411948709,grecia.ca789@gmail.com,Jóvenes,Inserción Laboral,,,Educación,Vinculado
I-00350-00495,PER-0053,DANIELA ADRIANA CORTES PEREZ,Femenino,22.0,Superior,Ingeniería Industrial,UPTREP,,NATIVITAS,,2462480582,adrianaperez22119@gmail.com,Jóvenes,Inserción Laboral,,,Industrial y Calidad,Vinculado
I-00351-00496,PER-0491,ALEJANDRO AZAEL HERNANDEZ TETLALMATZI,Masculino,22.0,Superior,Contaduría Pública,UPTREP,,AMAXAC DE GUERRERO,,2411143450,azael.h.t1249@gmail.com,Jóvenes,Inserción Laboral,,,Contabilidad y Finanzas,Vinculado
I-00352-00497,PER-0492,MIRYAM ADRIANA CAMACHO MORENO,Femenino,52.0,Superior,Ingeniería Civil,UPTREP,,APIZACO,,2225043949,miryamacamacho@gmail.com,Jóvenes,Inserción Laboral,,,Arquitectura y Construcción,Vinculado
I-00353-00498,PER-0090,ROMAN TECPA PEREZ,Masculino,20.0,Superior,Ingeniería en Tecnologías de la Información y Comunicación,UPTREP,,SAN DAMIÁN TEXOLOC,,2462702709,rtecpaperez@gmail.com,Jóvenes,Inserción Laboral,,,TI y Sistemas,Vinculado
I-00354-00499,PER-0493,ESTEFANY SANCHEZ ZAMORA,Femenino,20.0,Superior,Ingeniería Industrial,UPTREP,,TEOLOCHOLCO,,2461618463,estefanysanchez74668@gmail.com,Jóvenes,Inserción Laboral,,,Industrial y Calidad,Vinculado
I-00355-00500,PER-0092,ANEL HERNANDEZ HERNANDEZ,Femenino,22.0,Superior,Ingeniería Mecatrónica,UPTREP,,TETLA DE LA SOLIDARIDAD,,2411082231,hanel2858@gmail.com,Jóvenes,Inserción Laboral,,,Mecánica y Mecatrónica,Vinculado
I-00356-00501,PER-0494,KATHERINE ROJAS DOMINGUEZ,Femenino,21.0,Superior,Ingeniería Financiera,UPTREP,,TENANCINGO,,4445837203,katherinerojdom@gmail.com,Jóvenes,Inserción Laboral,,,Economía y Finanzas,Vinculado
I-00357-00502,PER-0495,SERGIO BARRANCO VAZQUEZ,Masculino,24.0,Superior,Ingeniería Industrial,UPTx,,ZACATELCO,,2461967937,sb621243@gmail.com,Jóvenes,Inserción Laboral,,,Industrial y Calidad,Vinculado
I-00358-00503,PER-0496,MARITSSA CALDERON AGUILAR,Femenino,23.0,Superior,Ingeniería en Tecnologías de la Información y Comunicación,UPTx,,ZACATELCO,,2462440730,marit.calderon.ag@gmail.com,Jóvenes,Inserción Laboral,,,TI y Sistemas,Vinculado
I-00359-00504,PER-0497,EUNICE CITLALLI ALONSO ESCOBAR,Femenino,29.0,Superior,Ingeniería en Energías Renovables,UPTREP,,TLAXCALA,,2224609694,eunice.alonsoe@gmail.com,Jóvenes,Inserción Laboral,,,Electricidad y Electrónica,Vinculado
I-00360-00505,PER-0498,AGECH MARTINEZ GONZALEZ,Masculino,21.0,Sin Dato,Sin Información,UPTx,,TETLA DE LA SOLIDARIDAD,,2214330165,agechmg1@gmail.com,Jóvenes,Inserción Laboral,,,Sin Información,Vinculado
I-00361-00506,PER-0499,YAHIR RAMIREZ MORALES,Masculino,22.0,Sin Dato,Sin Información,UATx,,PAPALOTLA DE XICOHTÉNCATL,,2464722713,yahirrm3000@gmail.com,Jóvenes,Inserción Laboral,,,Sin Información,Vinculado
I-00362-00507,PER-0500,VIRIDIANA GARCIA LOPEZ,Femenino,34.0,Superior,Ingeniería en Gestión Empresarial,UATx,,TLAXCO,,2462077001,vg.08lopez@gmail.com,Jóvenes,Inserción Laboral,,,Administración,Vinculado
I-00363-00508,PER-0501,MAURICIO CRUZ MONTES,Masculino,22.0,Superior,Ingeniería en Tecnologías de la Información y Comunicación,UPTx,,LA MAGDALENA TLALTELULCO,,2461229329,mau.cm2003@gmail.com,Jóvenes,Inserción Laboral,,,TI y Sistemas,Vinculado
I-00364-00509,PER-0502,LUIS ALFREDO JIMENEZ MORA,Masculino,26.0,Superior,Ingeniería en Nanotecnología,UPTx,,TLAXCO,,7481111438,jmluis.alfre@gmail.com,Jóvenes,Inserción Laboral,,,Química y Biotecnología,Vinculado
I-00365-00510,PER-0503,CARLOS LIMA DE LA CRUZ,Masculino,30.0,Superior,Ingeniería Industrial,UPTx,,TLAXCALA,,2461560798,carlosleon0720@gmail.com,Jóvenes,Inserción Laboral,,,Industrial y Calidad,Vinculado
I-00366-00511,PER-0504,CARLOS DAVID BAÑOS TLAPALE,Masculino,25.0,Superior,Ingeniería Mecatrónica,UPTx,,TOTOLAC,,2461050040,carlos.david.banos.t@gmail.com,Jóvenes,Inserción Laboral,,,Mecánica y Mecatrónica,Vinculado
I-00367-00512,PER-0505,JAIR DONALDO TLAPALE GOMEZ,Masculino,30.0,Superior,Ingeniería en Gestión Empresarial,,,TOTOLAC,,2412093153,donald.tlapa@gmail.com,Jóvenes,Inserción Laboral,,,Administración,Vinculado
I-00368-00513,PER-0506,JUAN DANIEL SANDOVAL GARCIA,Masculino,27.0,Superior,Ingeniería en Sistemas Electrónicos,UATx,,TLAXCALA,,2461484237,danielsandoval1315@gmail.com,Jóvenes,Inserción Laboral,,,Electricidad y Electrónica,Vinculado
I-00369-00514,PER-0507,AMAYRANI GUADALUPE MORENO RAMIREZ,Femenino,28.0,Superior,Ingeniería Química,UTT,,TLAXCALA,,2462405999,amayrani160497@gmail.com,Jóvenes,Inserción Laboral,,,Química y Biotecnología,Vinculado
I-00370-00515,PER-0508,JOSE ALBERTO VAZQUEZ TORRES,Masculino,,Superior,Ingeniería Mecatrónica,Instituto Tecnológico de Apizaco,,APETATITLÁN DE ANTONIO CARVAJAL,,2464949132,albert.vazqueztorres3@gmail.com,Jóvenes,Inserción Laboral,,,Mecánica y Mecatrónica,Vinculado
I-00371-00516,PER-0509,MARIA FERNANDA CHACON SORIA,Femenino,26.0,Superior,Negocios Internacionales,UATx,,TOTOLAC,,2481503692,chaconsoriafernanda640@gmail.com,Jóvenes,Inserción Laboral,,,Comercio Internacional,Vinculado
I-00372-00517,PER-0510,MA ISABEL SANCHEZ HERNANDEZ,Femenino,52.0,Sin Dato,Sin Información,,,LA MAGDALENA TLALTELULCO,,2462945173,isabelarenas942@gmail.com,Adultos,Inserción Laboral,,,Sin Información,Vinculado
I-00373-00518,PER-0070,LORENA CUATECONTZI BAUTISTA,Femenino,23.0,Superior,Contaduría Pública,,,CONTLA DE JUAN CUAMATZI,,2461180394,lorenacuatecontzi@gmail.com,Jóvenes,Inserción Laboral,,,Contabilidad y Finanzas,Vinculado
P-00093-00519,PER-0511,CRISTIAN ALDERETE GONZALEZ,Masculino,,Superior,Mantenimiento Industrial,UPTx,,APIZACO,,2411685626,cristianaldgzlz@gmail.com,Jóvenes,Prácticas Profesionales,,,Mantenimiento,Vinculado
P-00094-00520,PER-0512,DARIO ALEJANDRO FLORES DAVILA,Masculino,,Superior,"TSU en Mantenimiento, Área Industrial",Instituto Tecnológico Superior de Huauchinango,,HUAMANTLA,,2414105565,alejandrodavila2144@gmail.com,Jóvenes,Prácticas Profesionales,,,Mantenimiento,Vinculado
P-00095-00521,PER-0513,OSCAR URIEL HERNANDEZ REYES,Masculino,,Superior,Mantenimiento Industrial,UPTx,,APIZACO,,2411807963,hernandezreyesoscar4@gmail.com,Jóvenes,Prácticas Profesionales,,,Mantenimiento,Vinculado
P-00096-00522,PER-0514,MARIA GUADALUPE PAVON CUAPIO,Femenino,,Superior,Mantenimiento Industrial,UATx,,TLAXCALA,,2462567837,mg.pavon1401@gmail.com,Jóvenes,Prácticas Profesionales,,,Mantenimiento,Vinculado
P-00097-00523,PER-0515,DAVID SANCHEZ VAZQUEZ,Masculino,,Superior,Mantenimiento Industrial,UVT,,TLAXCALA,,2411376288,dsv2089@gmail.com,Jóvenes,Prácticas Profesionales,,,Mantenimiento,Vinculado
P-00098-00524,PER-0516,LIZBET GUADALUPE GARCIA HERNANDEZ,Femenino,,Superior,Mantenimiento Industrial,UATx,,HUAMANTLA,,2471321637,lggh2003@gmail.com,Jóvenes,Prácticas Profesionales,,,Mantenimiento,Vinculado
P-00099-00525,PER-0517,AYDE GUTIERREZ MORA,Femenino,,Superior,Mantenimiento Industrial,Instituto Tecnológico de Apizaco,,XALOSTOC,,2412210221,aydegutierrezmora2001@gmail.com,Jóvenes,Prácticas Profesionales,,,Mantenimiento,Vinculado
P-00100-00526,PER-0039,CRISTINA PALACIOS GONZALEZ,Femenino,,Superior,Logística y Transporte,UPAEP,,HUEYOTLIPAN,,2462290263,catrina8@gmail.com,Jóvenes,Prácticas Profesionales,,,Logística y Transporte,Vinculado
P-00101-00527,PER-0040,ADOLFO ANGEL DIAZ CORONA,Masculino,,Superior,Logística y Transporte,Instituto Tecnológico Superior de Tlaxco,,TLAXCALA,,2412157892,diazcorona999@gmail.com,Jóvenes,Prácticas Profesionales,,,Logística y Transporte,Vinculado
P-00102-00528,PER-0519,OSCAR MARIANO MONTIEL GUTIERREZ,Femenino,,Superior,Sin Información,UPTx,,HUEYOTLIPAN,,,,Jóvenes,Prácticas Profesionales,,,Sin Información,Vinculado
P-00103-00529,PER-0520,LUIS ANGEL CRUZ SANCHEZ,Femenino,,Superior,Sin Información,UATx,,TLAXCALA,,,,Jóvenes,Prácticas Profesionales,,,Sin Información,Vinculado
P-00104-00530,PER-0521,ANDRES ANTONIO GARCIA,Masculino,,Superior,Ingeniería Industrial,UPTx,,TLAXCALA,,,,Jóvenes,Prácticas Profesionales,,,Industrial y Calidad,Vinculado
P-00105-00531,PER-0046,FERNANDO URIEL HERNANDEZ LAMAS,Masculino,,Superior,Ingeniería Industrial,UPTx,,IXTACUIXTLA DE MARIANO MATAMOROS,,2461270066,pumafer2004@gmail.com,Jóvenes,Prácticas Profesionales,,,Industrial y Calidad,Vinculado
P-00106-00532,PER-0044,AIMARA BELEN SALAZAR CORONA,Femenino,,Superior,Ingeniería Industrial,Instituto Tecnológico de Apizaco,,SANTA CRUZ TLAXCALA,,2461730821,maraszro7@gmail.com,Jóvenes,Prácticas Profesionales,,,Industrial y Calidad,Vinculado
P-00107-00533,PER-0043,FELIPE DE JESUS CARMONA TEXIS,Masculino,,Superior,Sin Información,UPTx,,TLAXCALA,,2214307313,carmonafelipe593@gmail.com,Jóvenes,Prácticas Profesionales,,,Sin Información,Vinculado
P-00108-00534,PER-0047,ALBA BRISA MUÑOZ XOCHITIOTZI,Femenino,,Superior,Ingeniería Industrial,UPTx,,APIZACO,,2463327714,albaxochitiotzi@gmail.com,Jóvenes,Prácticas Profesionales,,,Industrial y Calidad,Vinculado
P-00109-00535,PER-0038,NANCY TANIA GARCIA AGUILAR,Femenino,,Superior,Ingeniería en Logística y Transporte,UPTx,,APIZACO,,2412615442,ntga2761@gmail.com,Jóvenes,Prácticas Profesionales,,,Logística y Transporte,Vinculado
P-00110-00536,PER-0041,AILED SALOME GARCIA,Femenino,,Superior,Ingeniería Industrial,UPTx,,APIZACO,,2461049624,salomeailed147@gmail.com,Jóvenes,Prácticas Profesionales,,,Industrial y Calidad,Vinculado
P-00111-00537,PER-0525,MARIO CERVANTEZ,Masculino,,Superior,Sin Información,UVT,,APIZACO,,2411044306,,Jóvenes,Prácticas Profesionales,,,Sin Información,Vinculado
P-00112-00538,PER-0526,DANA IZUMI PEREZ ABRIZ,Masculino,,Superior,Sin Información,UPTx,,CHIAUTEMPAN,,2462403237,,Jóvenes,Prácticas Profesionales,,,Sin Información,Vinculado
P-00113-00539,PER-0045,HECTOR FERNANDO CARMONA LARA,Masculino,,Superior,Ingeniería Industrial,UPTx,,TLAXCALA,,2411790930,fernan456yo@gmail.com,Jóvenes,Prácticas Profesionales,,,Industrial y Calidad,Vinculado
P-00114-00540,PER-0088,RAUL AHUATZI BELLO,Masculino,,Superior,Ingeniería Industrial,UPTx,,XALOSTOC,,2463304477,raul.ab071104@gmail.com,Jóvenes,Prácticas Profesionales,,,Industrial y Calidad,Vinculado
P-00115-00541,PER-0048,LUIS ALBERTO BAUTISTA ROJO,Masculino,,Superior,Ingeniería Industrial,UPTx,,APIZACO,,2461639702,luis.alberto.004@gmail.com,Jóvenes,Prácticas Profesionales,,,Industrial y Calidad,Vinculado
P-00116-00542,PER-0049,CINTHIA CUATECONTZI CONDE,Femenino,,Superior,Ingeniería Química,UPTx,,XALOSTOC,,2462973030,cinthiacuatecotzi@gmail.com,Jóvenes,Prácticas Profesionales,,,Química y Biotecnología,Vinculado
P-00117-00543,PER-0085,NATANAEL TONATIUH HERNANDEZ ORTEGA,Femenino,,Superior,Sin Información,UPTx,,APIZACO,,2461924195,natanaeltonathui@gmail.com,Jóvenes,Prácticas Profesionales,,,Sin Información,Vinculado
P-00118-00544,PER-0531,DAVID DOMINGUEZ GARCIA,Masculino,,Superior,Sociología,UPTx,,APIZACO,,2411118739,daviddomg20@gmail.com,Jóvenes,Prácticas Profesionales,,,Ciencias Sociales,Vinculado
P-00119-00545,PER-0425,ARELI MARILI HERNANDEZ MENESES,Femenino,,Superior,Ingeniería en Sistemas Automotrices,UPTx,,ZACATELCO,,2224076743,aydemeses@gmail.com,Jóvenes,Prácticas Profesionales,,,Sistemas Automotrices,Vinculado
P-00120-00546,PER-0533,GUSTAVO ROSETE TLAPALE,Masculino,,Superior,Sin Información,UPTx,,TLAXCALA,,2461064215,rosetegustavo@gmail.com,Jóvenes,Prácticas Profesionales,,,Sin Información,Vinculado
P-00121-00547,PER-0534,REINA DAMIAN MORENO,Femenino,,Superior,Diseño Textil,,,TLAXCALA,,2411167118,,Jóvenes,Prácticas Profesionales,,,Textil y Confección,Vinculado
P-00122-00548,PER-0535,ZAID VAZQUEZ MICHEL,Femenino,,Superior,Diseño Textil,UPTx,,TLAXCALA,,,,Jóvenes,Prácticas Profesionales,,,Textil y Confección,Vinculado
P-00123-00549,PER-0536,ARENITH TECPA AGUILAR,Femenino,,Superior,Sin Información,Instituto Franciscano de Oriente,,APIZACO,,2461273375,aguitecare@gmail.com,Jóvenes,Prácticas Profesionales,,,Sin Información,Vinculado
P-00124-00550,PER-0537,DANIELA ALEJANDRA HERNANDEZ LECHUGA,Femenino,,Superior,Ingeniería en Biotecnología,Instituto Franciscano de Oriente,,ZACATELCO,,2462385435,smile.alex58@gmail.com,Jóvenes,Prácticas Profesionales,,,Química y Biotecnología,Vinculado
P-00125-00551,PER-0538,CRISTAL GUADALUPE VELAZQUEZ CERON,Femenino,,Superior,Ingeniería en Administración,UPTx,,APIZACO,,7761351340,cristalvelazquezceron@gmail.com,Jóvenes,Prácticas Profesionales,,,Administración,Vinculado
P-00126-00552,PER-0051,AREMI LOPEZ JUAREZ,Femenino,,Superior,Ingeniería en Biotecnología,UATx,,Indefinido,,2219959387,aremilopezjuarez4a@gmail.com,Jóvenes,Prácticas Profesionales,,,Química y Biotecnología,Vinculado
P-00127-00553,PER-0540,ESTEBAN DANIEL BARBA LOPEZ,Masculino,,Superior,Ingeniería en Sistemas Automotrices,,,PANOTLA,,2461085270,daniel.barba.cele@gmail.com,Jóvenes,Prácticas Profesionales,,,Sistemas Automotrices,Vinculado
P-00128-00554,PER-0089,RAFAEL SANCHEZ TERAN,Masculino,,Superior,Psicología,,,APIZACO,,2461159145,rafaterannn@gmail.com,Jóvenes,Prácticas Profesionales,,,Psicología,Vinculado
P-00129-00555,PER-0542,DIDIER ZAMORA NOPHAL,Masculino,,Superior,Psicoterapia,,,PANOTLA,,2462172175,didierzamoran11@gmail.com,Jóvenes,Prácticas Profesionales,,,Psicología,Vinculado
P-00130-00556,PER-0543,CHRISTOPHER SAGREGO VAZQUEZ,Masculino,,Superior,Administración de Empresas,,,TLAXCALA,,2464254134,christophersagv@gmail.com,Jóvenes,Prácticas Profesionales,,,Administración,Vinculado
P-00131-00557,PER-0544,HECTOR ALEJANDRO VELAZCO PEREZ,Masculino,,Superior,Comercio Internacional,,,APIZACO,,2411581892,alexvelazco290@gmail.com,Jóvenes,Prácticas Profesionales,,,Comercio Internacional,Vinculado
P-00132-00558,PER-0545,CYNTHIA CAHUANTZI GARCIA,Femenino,,Superior,Gestión Empresarial,,,CUAXOMULCO,,2411683943,cahuantzicynthia636@gmail.com,Jóvenes,Prácticas Profesionales,,,Administración,Vinculado
P-00133-00559,PER-0093,CRISTAL ROJAS RAMIREZ,Femenino,,Superior,Ingeniería en Biotecnología,,,SAN LORENZO AXOCOMANITLA,,2462095002,ramirezcristal857@gmail.com,Jóvenes,Prácticas Profesionales,,,Química y Biotecnología,Vinculado
P-00134-00560,PER-0546,VANIA TANECO MAGDALENO,Femenino,,Superior,Diseño Textil,,,XALOSTOC,,2412402434,vaniataneco.u@gmail.com,Jóvenes,Prácticas Profesionales,,,Textil y Confección,Vinculado
P-00135-00561,PER-0547,LAURA LEON CHAMIZO,Femenino,,Superior,Ingeniería Industrial,,,IXTACUIXTLA DE MARIANO MATAMOROS,,2462509375,lauraleoncham@gmail.com,Jóvenes,Prácticas Profesionales,,,Industrial y Calidad,Vinculado
P-00136-00562,PER-0548,SAUL VELA MUÑOZ,Masculino,,Superior,Ingeniería Industrial,,,CHIAUTEMPAN,,2462014061,aprende.smunoz@gmail.com,Jóvenes,Prácticas Profesionales,,,Industrial y Calidad,Vinculado
P-00137-00563,PER-0092,ANEL HERNANDEZ HERNANDEZ,Femenino,,Superior,Ingeniería Mecatrónica,,,APIZACO,,2411082231,ahh37600@gmail.com,Jóvenes,Prácticas Profesionales,,,Mecánica y Mecatrónica,Vinculado
P-00138-00564,PER-0091,MIRIAM JIMENEZ HERNANDEZ,Femenino,,Superior,Ingeniería en Tecnologías de la Información y Comunicación,,,SAN DAMIÁN TEXOLOC,,2463346596,miriamjim31@gmail.com,Jóvenes,Prácticas Profesionales,,,TI y Sistemas,Vinculado
P-00139-00565,PER-0090,ROMAN TECPA PEREZ,Masculino,,Superior,Ingeniería en Tecnologías de la Información y Comunicación,,,SAN DAMIÁN TEXOLOC,,2462702709,rtecpaperez@gmail.com,Jóvenes,Prácticas Profesionales,,,TI y Sistemas,Vinculado
P-00140-00566,PER-0550,ROBERTO HAZIEL PORTILLA VILLA,Masculino,,Superior,Ingeniería Mecatrónica,,,TLAXCALA,,2461100600,robertohazielportillavilla@gmail.com,Jóvenes,Prácticas Profesionales,,,Mecánica y Mecatrónica,Vinculado
P-00141-00567,PER-0551,HEIDI CUAHUTLE ROMANO,Femenino,,Superior,Ingeniería Financiera,,,CONTLA DE JUAN CUAMATZI,,2461297014,heidicuahutle2@gmail.com,Jóvenes,Prácticas Profesionales,,,Economía y Finanzas,Vinculado
P-00142-00568,PER-0552,PAOLA CAMARILLO AVILA,Femenino,,Superior,Negocios Internacionales,,,CUAPIAXTLA,,2761223441,paolaavila18@outlook.com,Jóvenes,Prácticas Profesionales,,,Comercio Internacional,Vinculado
P-00143-00569,PER-0553,KIMBERLY SISSY MONTIEL MELENDEZ,Femenino,,Superior,Ingeniería Química,,,CHIAUTEMPAN,,2462389949,kimmontiel12@gmail.com,Jóvenes,Prácticas Profesionales,,,Química y Biotecnología,Vinculado
P-00144-00570,PER-0554,DIANA LAURA MUÑOZ LARA,Femenino,,Superior,Ingeniería Química,,,MAZATECOCHCO DE JOSÉ MARÍA MORELOS,,2211696688,laudian142@gmail.com,Jóvenes,Prácticas Profesionales,,,Química y Biotecnología,Vinculado
P-00145-00571,PER-0555,SEBASTIAN HERNANDEZ MUÑOZ,Masculino,,Superior,Ingeniería en Biotecnología,,,PAPALOTLA DE XICOHTÉNCATL,,2461265934,sebastianhdz1709@gmail.com,Jóvenes,Prácticas Profesionales,,,Química y Biotecnología,Vinculado
P-00146-00572,PER-0050,CONCEPCION VAZQUEZ CUAHUTLE,Masculino,,Superior,Ingeniería Química,,,CONTLA DE JUAN CUAMATZI,,2462185487,cuahuetleconcepcion68@gmail.com,Jóvenes,Prácticas Profesionales,,,Química y Biotecnología,Vinculado
P-00147-00573,PER-0557,ROBERTO TLACHI PINEDA,Masculino,,Superior,Ingeniería en Biotecnología,,,TLAXCALA,,2462451214,pinedaroberto.1123@gmail.com,Jóvenes,Prácticas Profesionales,,,Química y Biotecnología,Vinculado
P-00148-00574,PER-0558,CRISTIAN JAIR LOPEZ SANLUIS,Masculino,,Superior,Ingeniería Mecatrónica,,,ZACATELCO,,2467572216,cristian.cjlps@gmail.com,Jóvenes,Prácticas Profesionales,,,Mecánica y Mecatrónica,Vinculado
P-00149-00575,PER-0559,OSWALDO MEJIA,Femenino,,Superior,Ingeniería Industrial,,,PUEBLA,,12214199339,osvamh29@gmail.com,Jóvenes,Prácticas Profesionales,,,Industrial y Calidad,Vinculado
P-00150-00576,PER-0560,GUSTAVO GALDINO ALONSO PEREZ,Masculino,,Superior,Ingeniería Mecatrónica,,,SANTA CRUZ TLAXCALA,,2411796024,gustavoalonso1f@gmail.com,Jóvenes,Prácticas Profesionales,,,Mecánica y Mecatrónica,Vinculado
P-00151-00577,PER-0561,CAMILO ZARATE COYOTZI,Masculino,,Superior,Ingeniería Financiera,,,CHIAUTEMPAN,,2461903536,camilozarat01@gmail.com,Jóvenes,Prácticas Profesionales,,,Economía y Finanzas,Vinculado
P-00152-00578,PER-0562,FERNANDO MIRANDA MILLAN,Masculino,,Superior,Mantenimiento Automotriz,,,APIZACO,,2225876627,,Jóvenes,Prácticas Profesionales,,,Mantenimiento,Vinculado
P-00153-00579,PER-0563,LUIS ANGEL BAUTISTA PEREZ,Masculino,,Superior,Ingeniería Mecatrónica,,,AMAXAC DE GUERRERO,,2461475759,3wiez90@gmail.com,Jóvenes,Prácticas Profesionales,,,Mecánica y Mecatrónica,Vinculado
P-00154-00580,PER-0055,MARIA TERESITA CONDE,Femenino,,Superior,Administración,,,TLAXCALA,,2471073208,condeteresita907@gmail.com,Jóvenes,Prácticas Profesionales,,,Administración,Vinculado
P-00155-00581,PER-0054,KARLA DIAZ GABI,Femenino,,Superior,Administración,,,TLAXCALA,,2471074421,kddiaz32@gmail.com,Jóvenes,Prácticas Profesionales,,,Administración,Vinculado
P-00156-00582,PER-0565,BRANDON BAUTISTA SANDOVAL,Masculino,,Superior,Ingeniería Industrial,,,TLAXCALA,,2461107457,,Jóvenes,Prácticas Profesionales,,,Industrial y Calidad,Vinculado
P-00157-00583,PER-0566,ALLISON SANTA CRUZ ROMERO,Femenino,,Superior,Negocios Internacionales,,,APIZACO,,,,Jóvenes,Prácticas Profesionales,,,Comercio Internacional,Vinculado
I-00374-00584,PER-0060,KELY STEPHANI SOLIS PAZ,Femenino,,Superior,Ingeniería Industrial,,,CHIAUTEMPAN,,2461083488,solis.0999tefi@gmail.com,Jóvenes,Inserción Laboral,,,Industrial y Calidad,Vinculado
I-00375-00585,PER-0074,ALINE ESCALONA VEGA,Femenino,,Superior,Psicología,,,IXTENCO,,2472046980,alineescalonavega@gmail.com,Jóvenes,Inserción Laboral,,,Psicología,Vinculado
I-00376-00586,PER-0568,JESUS MUÑOZ GONZALEZ,Masculino,,Superior,Mantenimiento,,,ACUAMANALA DE MIGUEL HIDALGO,,2462440413,jm4321742@gmail.com,Jóvenes,Inserción Laboral,,,Mantenimiento,Vinculado
I-00377-00587,PER-0569,GABRIELA HERNANDEZ CORONA,Femenino,,Superior,Ingeniería Química,,,CHIAUTEMPAN,,2461784609,gaby7hc@gmail.com,Jóvenes,Inserción Laboral,,,Química y Biotecnología,Vinculado
I-00378-00588,PER-0570,LILIANA ESPINO ESPINOZA,Femenino,,Superior,Ingeniería Química,,,PANOTLA,,2462105062,lian.2791.le@gmail.com,Jóvenes,Inserción Laboral,,,Química y Biotecnología,Vinculado
I-00379-00589,PER-0571,LUIS ANGEL JUAREZ GARCIA,Masculino,,Superior,Ingeniería en Sistemas Computacionales,,,TEOLOCHOLCO,,7821120649,luisangelj098@gmail.com,Jóvenes,Inserción Laboral,,,TI y Sistemas,Vinculado
I-00380-00590,PER-0572,YAHIR ISAAC TEHOZOL PEDRAZA,Masculino,22.0,Sin Dato,Ayudante General,,,TEPEYANCO,,2462000030,tehozolyair@gmail.com,Jóvenes,Inserción Laboral,,,Sin área específica,Vinculado
I-00381-00591,PER-0573,ESMERALDA PLUMA MUÑOZ,Femenino,,Superior,Ingeniería en Gestión Empresarial,,,PANOTLA,,242098432,esme500pume@gmail.com,Jóvenes,Inserción Laboral,,,Administración,Vinculado
I-00382-00592,PER-0574,ANA LAURA HERNANDEZ CUAPIO,Femenino,,Sin Dato,Sin Información,,,TEOLOCHOLCO,,2461385876,anycuapio4@gmail.com,Jóvenes,Inserción Laboral,,,Sin Información,Vinculado
I-00383-00593,PER-0141,MOSERRAT JENNIFER CANDIA ORTIZ,Femenino,,Superior,Ingeniería Financiera,,,TLAXCALA,,2223801536,cajennifer51@gmail.com,Jóvenes,Inserción Laboral,,,Economía y Finanzas,Vinculado
I-00384-00594,PER-0575,OSCAR ABEL MUÑOZ NAVA,Masculino,,Superior,TSU en Mecatrónica,,,HUAMANTLA,,2462145936,taldarin554@gmail.com,Jóvenes,Inserción Laboral,,,Mecánica y Mecatrónica,Vinculado
I-00385-00595,PER-0576,JORDAN EDUARDO AVEDAÑO BARTOLO,Masculino,,Superior,Ingeniería Financiera,,,CHIAUTEMPAN,,2462128538,joedavbartolo200@gmail.com,Jóvenes,Inserción Laboral,,,Economía y Finanzas,Vinculado
I-00386-00596,PER-0292,ANDRES CUAHUTENCOS MORALES,Masculino,21.0,Superior,Ingeniería Mecatrónica,,,SANTA CATARINA AYOMETLA,,2213958535,andres1117.morales@gmail.com,Jóvenes,Inserción Laboral,,,Mecánica y Mecatrónica,Vinculado
I-00387-00597,PER-0294,ANTONIO PEREZ SANTAMARIA,Masculino,20.0,Superior,Ingeniería Mecatrónica,,,SANTA APOLONIA TEACALCO,,2462424239,pokesaiyn@gmail.com,Jóvenes,Inserción Laboral,,,Mecánica y Mecatrónica,Vinculado
I-00388-00598,PER-0578,DIANA LAURA PLATA CAMACHO,Femenino,23.0,Superior,Ingeniería Financiera,,,TLAXCALA,,2462981373,dplatacamacho@gmail.com,Jóvenes,Inserción Laboral,,,Economía y Finanzas,Vinculado
I-00389-00599,PER-0295,YAMILET LOPEZ,Femenino,18.0,Superior,TSU en Administración,,,PUEBLA,,2482145661,3523110660guthiedu.com,Jóvenes,Inserción Laboral,,,Administración,Vinculado
I-00390-00600,PER-0296,SARAI SARMIENTO ARMENTA,Femenino,22.0,Superior,Ingeniería Química,,,TOTOLAC,,2462227657,sarai.sarmiento414@gmail.com,Jóvenes,Inserción Laboral,,,Química y Biotecnología,Vinculado
I-00391-00601,PER-0297,JOSE JUAN BERNAL JIMENEZ,Masculino,21.0,Superior,TSU en Administración,,,NATIVITAS,,2461359198,bernadjimenez081@gmail.com,Jóvenes,Inserción Laboral,,,Administración,Vinculado
I-00392-00602,PER-0291,JUAN ALBERTO ISLAS DIAZ,Masculino,21.0,Superior,Ingeniería Mecatrónica,,,SAN FRANCISCO TETLANOHCAN,,2464800427,islasdiazjuanalberto@gmail.com,Jóvenes,Inserción Laboral,,,Mecánica y Mecatrónica,Vinculado
I-00393-00603,PER-0298,ELEAZAR CARRERA GUZMAN,Masculino,22.0,Superior,TSU en Administración,,,PUEBLA,,2292778862,gusmanmary1254@gmail.com,Jóvenes,Inserción Laboral,,,Administración,Vinculado
I-00394-00604,PER-0299,ABDIEL VALENTIN SANTIAGO ORTEGA,Masculino,20.0,Superior,Ingeniería Mecatrónica,,,TLAXCALA,,2461049432,sant41128@gmail.com,Jóvenes,Inserción Laboral,,,Mecánica y Mecatrónica,Vinculado
I-00395-00605,PER-0494,KATHERINE ROJAS DOMINGUEZ,Femenino,,Superior,Ingeniería Financiera,,,TENANCINGO,,2213279197,katyrd10@gmail.com,Jóvenes,Inserción Laboral,,,Economía y Finanzas,Vinculado
I-00396-00606,PER-0300,DANA MICHEL RAMIREZ PEREZ,Femenino,,Superior,TSU en Administración,,,PUEBLA,,2213198535,michelinram1912@gmail.com,Jóvenes,Inserción Laboral,,,Administración,Vinculado
I-00397-00607,PER-0580,IVETH ZANYAMPA GARUDO,Femenino,24.0,Superior,Ingeniería Financiera,,,TEOLOCHOLCO,,2462476707,ivethzanjuanpa@gmail.com,Jóvenes,Inserción Laboral,,,Economía y Finanzas,Vinculado
I-00398-00608,PER-0301,EDGAR RAMIREZ ALVAREZ,Masculino,42.0,Superior,Ingeniería Mecánica,,,APIZACO,,2461101905,simuladorep@gmail.com,Jóvenes,Inserción Laboral,,,Mecánica y Mecatrónica,Vinculado
I-00399-00609,PER-0276,ANA PAOLA CORTEZ GUERRERO,Femenino,,Superior,Derecho,,,TLAXCALA,,2463231324,anapadocortez40@gmail.com,Jóvenes,Inserción Laboral,,,Derecho y Seguridad,Vinculado
I-00400-00610,PER-0582,MARIA JULIANA FLORES RODRIGUEZ,Femenino,21.0,Superior,Ingeniería Financiera,,,SAN FRANCISCO TETLANOHCAN,,2462393129,mariflores1930@gmail.com,Jóvenes,Inserción Laboral,,,Economía y Finanzas,Vinculado
I-00401-00611,PER-0583,YOLANDA HERNANDEZ SANCHEZ,Femenino,22.0,Superior,Ingeniería Financiera,,,CONTLA DE JUAN CUAMATZI,,2463108043,yola2020hdz@gmail.com,Jóvenes,Inserción Laboral,,,Economía y Finanzas,Vinculado
I-00402-00612,PER-0584,SONIA PAOLA NAVA ACOLTZI,Femenino,21.0,Superior,Ingeniería Financiera,,,CONTLA DE JUAN CUAMATZI,,2463625976,navasonia885@gmail.com,Jóvenes,Inserción Laboral,,,Economía y Finanzas,Vinculado
I-00403-00613,PER-0290,VICTOR HUGO GUTIERREZ CAHUANTZI,Masculino,21.0,Superior,Ingeniería Mecatrónica,,,CHIAUTEMPAN,,2462035045,vhgutierrez0703@gmail.com,Jóvenes,Inserción Laboral,,,Mecánica y Mecatrónica,Vinculado
I-00404-00614,PER-0586,VIANEY OROS SALADO,Femenino,,Superior,Ingeniería Financiera,,,AMAXAC DE GUERRERO,,2462092327,vianeyoros@gmail.com,Jóvenes,Inserción Laboral,,,Economía y Finanzas,Vinculado
I-00405-00615,PER-0587,BETZUAC DAVILA HERNANDEZ,Femenino,32.0,Superior,Ingeniería en Negocios y Gestión Empresarial,,,APIZACO,,2411167412,bet.sua.lodh@gmail.com,Jóvenes,Inserción Laboral,,,Administración,Vinculado
I-00406-00616,PER-0289,ALBERTO POLVO ANDRADE,Masculino,21.0,Superior,Ingeniería Mecatrónica,,,CHIAUTEMPAN,,2462269147,temobeto084@gmail.com,Jóvenes,Inserción Laboral,,,Mecánica y Mecatrónica,Vinculado
I-00407-00617,PER-0588,BRAHAYAN RONNY DE LA ROSA CARDERON,Masculino,19.0,Superior,TSU,,,PUEBLA,,2482270443,ronny_052105@hotmail.com,Jóvenes,Inserción Laboral,,,Nivel educativo,Vinculado
I-00408-00618,PER-0301,EDGAR RAMIREZ ALVAREZ,Masculino,42.0,Superior,Ingeniería Mecánica,,,ZACATELCO,,2461101905,simuladorep@gmail.com,Jóvenes,Inserción Laboral,,,Mecánica y Mecatrónica,Vinculado
I-00409-00619,PER-0283,BEATRIZ ELIA LARA ROJAS,Femenino,39.0,,,,,PAPALOTLA DE XICOHTÉNCATL,,2224909237,hotyylacerojas@hotmail.com,Jóvenes,Inserción Laboral,,,,Vinculado
I-00410-00620,PER-0284,ELISA JUAREZ TEXIS,Femenino,49.0,,Bachillerato,,,TEOLOCHOLCO,,2461217686,jelisa622@gmail.com,Jóvenes,Inserción Laboral,,,Nivel educativo,Vinculado
I-00411-00621,PER-0285,LISSETTE CAMACHO VIXTO,Femenino,29.0,Superior,Administración o Ayudante General,,,TEOLOCHOLCO,,2462957474,daianna_siren@hotmail.com,Jóvenes,Inserción Laboral,,,Sin área específica,Vinculado
I-00412-00622,PER-0286,TERESA CAHUANTZI,Femenino,51.0,,,,,CONTLA DE JUAN CUAMATZI,,2462430327,,Jóvenes,Inserción Laboral,,,,Vinculado
I-00413-00623,PER-0287,ALESANDRA MUÑOZ GEORGE,Femenino,,,,,,LA MAGDALENA TLALTELULCO,,2461769953,,Jóvenes,Inserción Laboral,,,,Vinculado
I-00414-00624,PER-0288,MARTINA CAJICO ZARATE,Femenino,59.0,,,,,CHIAUTEMPAN,,2461145460,,Jóvenes,Inserción Laboral,,,,Vinculado
I-00415-00625,PER-0289,ALBERTO POLVO ANDRADE,Masculino,21.0,Superior,Ingeniería Mecatrónica,,,CHIAUTEMPAN,,2462269147,temobeto084@gmail.com,Jóvenes,Inserción Laboral,,,Mecánica y Mecatrónica,Vinculado
I-00416-00626,PER-0290,VICTOR HUGO GUTIERREZ CAHUANTZI,Masculino,21.0,Superior,Ingeniería Mecatrónica,,,CHIAUTEMPAN,,2462035045,vhgutierrez703@gmail.com,Jóvenes,Inserción Laboral,,,Mecánica y Mecatrónica,Vinculado
I-00417-00627,PER-0291,JUAN ALBERTO ISLAS DIAZ,Masculino,21.0,Superior,Ingeniería Mecatrónica,,,SAN FRANCISCO TETLANOHCAN,,2464800427,islasdiasjuanalberto@gmail.com,Jóvenes,Inserción Laboral,,,Mecánica y Mecatrónica,Vinculado
I-00418-00628,PER-0292,ANDRES CUAHUTEPCOS MORALES,Masculino,21.0,Superior,Ingeniería Mecatrónica,,,SANTA CATARINA AYOMETLA,,2213958534,andres1117.morales@gmail.com,Jóvenes,Inserción Laboral,,,Mecánica y Mecatrónica,Vinculado
I-00419-00629,PER-0586,VIANEY OROS SALADO,Femenino,,,Ingeniería Financiera,,,AMAXAC DE GUERRERO,,2462092327,vianeyoros@gmail.com,Jóvenes,Inserción Laboral,,,Economía y Finanzas,Vinculado
I-00420-00630,PER-0583,YOLANDA HERNANDEZ SANCHEZ,Femenino,22.0,,Ingeniería Financiera,,,CONTLA DE JUAN CUAMATZI,,2463108043,yola2020hdz@gmail.com,Jóvenes,Inserción Laboral,,,Economía y Finanzas,Vinculado
I-00421-00631,PER-0279,BRENDA HUERTA MENDOZA,Femenino,30.0,,"Administración, Especialidad en Mercadotecnia",,,PAPALOTLA DE XICOHTÉNCATL,,2213608536,bren.men18@gmail.com,Jóvenes,Inserción Laboral,,,Administración,Vinculado
I-00422-00632,PER-0280,YADIRA SANCHEZ CAMARILLO,Femenino,,,Administrativo,,,TLAXCALA,,2462181907,yscamarillo08@gmail.com,Jóvenes,Inserción Laboral,,,Administración,Vinculado
I-00423-00633,PER-0302,BRENDA DE GRANDE DIAZ,Femenino,26.0,,Ingeniería en Negocios y Gestión Empresarial,,,TERRENATE,,2412233809,degantediazbrenda@gmail.com,Jóvenes,Inserción Laboral,,,Administración,Vinculado
I-00424-00634,PER-0281,ARACELY SERRANO ANTONIO,Femenino,,,,,,SANTA CRUZ QUILEHTLA,,2463351134,aracelyserranoantonio@gmail.com,Jóvenes,Inserción Laboral,,,,Vinculado
I-00425-00635,PER-0273,DOLERES VILLARDO SANCHEZ,Femenino,29.0,,Ingeniería en Negocios y Gestión Empresarial,,,ATLANGATEPEC,,2411760734,doloresvillordo.sa@gmail.com,Jóvenes,Inserción Laboral,,,Administración,Vinculado
I-00426-00636,PER-0282,KEVIN EXAU SANCHEZ,Masculino,31.0,,Auxiliar en Seguridad e Higiene,,,PAPALOTLA DE XICOHTÉNCATL,,2241210017,kevin_exau@hotmail.com,Jóvenes,Inserción Laboral,,,Seguridad Ocupacional,Vinculado
I-00427-00637,PER-0582,MARIA JULIANA FLORES RODRIGUEZ,Femenino,21.0,,Ingeniería Financiera,,,SAN FRANCISCO TETLANOHCAN,,2462393129,mariflores1930@gmail.com,Jóvenes,Inserción Laboral,,,Economía y Finanzas,Vinculado
I-00428-00638,PER-0576,JORDAN EDUARDO AVENDAÑO BARTOLO,Masculino,23.0,,Ingeniería Financiera,,,CHIAUTEMPAN,,2462128538,joedaubartolo200@gmail.com,Jóvenes,Inserción Laboral,,,Economía y Finanzas,Vinculado
I-00429-00639,PER-0584,SONIA PAOLA NAVA ACOLTZI,Femenino,21.0,,Ingeniería Financiera,,,CONTLA DE JUAN CUAMATZI,,2463625976,navasonia885@gmail.com,Jóvenes,Inserción Laboral,,,Economía y Finanzas,Vinculado
I-00430-00640,PER-0580,IVETH ZANJUAMPA GARRIDO,Femenino,24.0,,Ingeniería Financiera,,,TEPEYANCO,,2462476707,ivethzanjuampa@gmail.com,Jóvenes,Inserción Laboral,,,Economía y Finanzas,Vinculado
I-00431-00641,PER-0276,ANA PADA CORTEZ GENERO,Femenino,23.0,,Derecho,,,TLAXCALA,,2463231324,anapaolacortez40@gmail.com,Jóvenes,Inserción Laboral,,,Derecho y Seguridad,Vinculado
I-00432-00642,PER-0594,MAGDIEL IRAN HERNANDEZ XOXOCOTZI,Femenino,21.0,,Ingeniería Financiera,,,SAN JUAN HUACTZINCO,,2462951799,hernandezmagdieliran@gmail.com,Jóvenes,Inserción Laboral,,,Economía y Finanzas,Vinculado
I-00433-00643,PER-0296,SARAI SARMIENTO ARMENTA,Femenino,22.0,,Ingeniería Química,,,TOTOLAC,,,sarai414@gmail.com,Jóvenes,Inserción Laboral,,,Química y Biotecnología,Vinculado
I-00434-00644,PER-0596,JORGE ENRIQUE CORONA LOPEZ,Masculino,21.0,,Mercadotecnia,,,PUEBLA,,2481725658,enriquelojor@gmail.com,Jóvenes,Inserción Laboral,,,Mercadotecnia,Vinculado
I-00435-00645,PER-0597,ANA KAREN RAMIRO AQUIAHUATL,Femenino,20.0,,Ingeniería Mecatrónica,,,PANOTLA,,2463335471,ramiroaquiahuatl@gmail.com,Jóvenes,Inserción Laboral,,,Mecánica y Mecatrónica,Vinculado
I-00436-00646,PER-0307,ALAN JAIR DE JESUS VASQUEZ,Masculino,21.0,,Ingeniería Financiera,,,SANTA ANA NOPALUCAN,,2461791517,ganraran26@gmail.com,Jóvenes,Inserción Laboral,,,Economía y Finanzas,Vinculado
I-00437-00647,PER-0308,JONATHAN FLORES FLORES,Masculino,,,Ingeniería Mecatrónica,,,TLAXCALA,,2461185506,,Jóvenes,Inserción Laboral,,,Mecánica y Mecatrónica,Vinculado
I-00438-00648,PER-0598,ADAIR JONATHAN SALDAÑA RIVERA,Masculino,21.0,,Ingeniería Mecatrónica,,,SANTA CRUZ TLAXCALA,,2462970183,ajosr26@gmail.com,Jóvenes,Inserción Laboral,,,Mecánica y Mecatrónica,Vinculado
I-00439-00649,PER-0599,DAMARIS REYES LOPEZ,Femenino,,,Ingeniería Mecatrónica,,,TLAXCALA,,2212041457,martha01rguez01@gmail.com,Jóvenes,Inserción Laboral,,,Mecánica y Mecatrónica,Vinculado
I-00440-00650,PER-0600,MARTHA GUADALUPE RODRIGUEZ RODRIGUEZ,Femenino,21.0,,Ingeniería Mecatrónica,,,SAN FRANCISCO TETLANOHCAN,,2462218145,,Jóvenes,Inserción Laboral,,,Mecánica y Mecatrónica,Vinculado
I-00441-00651,PER-0582,MARIA JULIANA FLORES RODRIGUEZ,Femenino,21.0,,Ingeniería Financiera,,,SAN FRANCISCO TETLANOHCAN,,2462393129,mariflores1930@gmail.com,Jóvenes,Inserción Laboral,,,Economía y Finanzas,Vinculado
I-00442-00652,PER-0586,VIANEY OROS SALADO,Femenino,,,Ingeniería Financiera,,,AMAXAC DE GUERRERO,,2462092327,vianeyoros11@gmail.com,Jóvenes,Inserción Laboral,,,Economía y Finanzas,Vinculado
I-00443-00653,PER-0583,YOLANDA HERNANDEZ SANCHEZ,Femenino,22.0,,Ingeniería Financiera,,,CONTLA DE JUAN CUAMATZI,,2463108043,yola2020hdz@gmail.com,Jóvenes,Inserción Laboral,,,Economía y Finanzas,Vinculado
I-00444-00654,PER-0602,JANET NAVA MORALES,Femenino,20.0,,Estudiante,,,CONTLA DE JUAN CUAMATZI,,2464690031,janetnava030516@gmail.com,Jóvenes,Inserción Laboral,,,Sin área específica,Vinculado
I-00445-00655,PER-0603,CESAR TLACHI HERNANDEZ,Masculino,57.0,,Maestría en Impuestos,,,CHIAUTEMPAN,,2467570536,thcesar21@yahoo.com.mx,Adultos,Inserción Laboral,,,Contabilidad y Finanzas,Vinculado
I-00446-00656,PER-0604,ISMAEL TEXIS RODRIGUEZ,Masculino,21.0,,Ingeniería Financiera,,,SAN FRANCISCO TETLANOHCAN,,2461220701,texisis12@gmail.com,Jóvenes,Inserción Laboral,,,Economía y Finanzas,Vinculado
I-00447-00657,PER-0306,JAQUELIN HERNANDEZ FERNANDEZ,Femenino,22.0,,Administración,,,Indefinido,,2481250561,,Jóvenes,Inserción Laboral,,,Administración,Vinculado
I-00448-00658,PER-0605,KARINA LIZBETH ROJAS HERNANDEZ,Femenino,,,Ingeniería Financiera,,,SANTA CRUZ QUILEHTLA,,2462215743,karinarojas009@gmail.com,Jóvenes,Inserción Laboral,,,Economía y Finanzas,Vinculado
I-00449-00659,PER-0606,ARIADNA ROMERO SALAZAR,Femenino,,,Ingeniería Financiera,,,ZACATELCO,,2464598775,aridnaromeo92711@gmail.com,Jóvenes,Inserción Laboral,,,Economía y Finanzas,Vinculado
I-00450-00660,PER-0305,MARCOS TEXIS MORALES,Masculino,22.0,,,,,TEOLOCHOLCO,,2462555628,moralestexis112.70@gmail.com,Jóvenes,Inserción Laboral,,,,Vinculado
I-00451-00661,PER-0302,BRENDA DE GANTE DIAZ,Femenino,25.0,,Ingeniería en Negocios y Gestión Empresarial,,,TLAXCALA,,2412233809,degantediazbrenda@gmail.com,Jóvenes,Inserción Laboral,,,Administración,Vinculado
I-00452-00662,PER-0609,OSWALDO SANCHEZ TZOMPANTZI,Masculino,21.0,,Administración,,,TEOLOCHOLCO,,2464596344,,Jóvenes,Inserción Laboral,,,Administración,Vinculado
I-00453-00663,PER-0610,RUBI GONZALEZ VAZQUEZ,Femenino,22.0,,Administración,,,PUEBLA,,2484915927,,Jóvenes,Inserción Laboral,,,Administración,Vinculado
I-00454-00664,PER-0611,JORGE HUMBERTO SANCHEZ RODRIGUEZ,Masculino,21.0,,Ingeniería Mecatrónica,,,SAN FRANCISCO TETLANOHCAN,,2463316222,basti07sanchez@icloud.com,Jóvenes,Inserción Laboral,,,Mecánica y Mecatrónica,Vinculado
I-00455-00665,PER-0275,EDGAR RAMIREZ,Masculino,42.0,,Ingeniería Mecánica,,,ZACATELCO,,2461101905,simuladorep@gmail.com,Adultos,Inserción Laboral,,,Mecánica y Mecatrónica,Vinculado
I-00456-00666,PER-0613,ANABEL PEREZ ACOSTI,Femenino,,,Costura,,,APIZACO,,2224701779,anabelperezacosti18@gmail.com,Indefinido,Inserción Laboral,,,Textil y Confección,Vinculado
I-00457-00667,PER-0614,SANDRA JUAREZ MOLGADO,Femenino,22.0,,Bachillerato,,,YAUHQUEMECAN,,2411197931,juarez5637@gmail.com,Jóvenes,Inserción Laboral,,,Nivel educativo,Vinculado
I-00458-00668,PER-0615,OSCAR PEDRO SANCHEZ HERNANDEZ,Masculino,50.0,,Bachillerato,,,TLAXCALA,,2321386418,opsh1500@gmail.com,Adultos,Inserción Laboral,,,Nivel educativo,Vinculado
I-00459-00669,PER-0273,DOLORES VILLORDO SANCHEZ,Femenino,29.0,,Ingeniería en Negocios y Gestión Empresarial,,,ATLANGATEPEC,,2411760734,doloresvilliordosa@gmail.com,Jóvenes,Inserción Laboral,,,Administración,Vinculado
I-00460-00670,PER-0274,KARLA ABIGAIL CONTRERAS HERNANDEZ,Femenino,21.0,,Mercadotecnia y Publicidad,,,APIZACO,,2411686952,karlaabigailcontreras@gmai.com,Jóvenes,Inserción Laboral,,,Mercadotecnia,Vinculado
I-00461-00671,PER-0275,EDGAR RAMIREZ,Masculino,42.0,,Producción,,,APIZACO,,2461101905,simuladorep@gmail.com,Adulto,Inserción Laboral,,,Producción y Manufactura,Vinculado
I-00462-00672,PER-0617,LAURA ANGELICA GOMEZ APARICIO,Femenino,,,Contaduría Pública,,,Indefinido,,7821749499,angeligómezlau19@gmail.com,Jóvenes,Inserción Laboral,,,Contabilidad y Finanzas,Vinculado
I-00463-00673,PER-0277,ALEJANDRO ORTEGA BRIONES,Masculino,22.0,,Negocios Internacionales,,,APIZACO,,5611279061,alexxs2319@gmail.com,Jóvenes,Inserción Laboral,,,Comercio Internacional,Vinculado
I-00464-00674,PER-0278,JUAN RAUL CONDE TORRES,Masculino,20.0,,Negocios Internacionales,,,HUAMANTLA,,2471077123,condetorrejuanraul@gmail.com,Jóvenes,Inserción Laboral,,,Comercio Internacional,Vinculado
I-00465-00675,PER-0618,PAOLA GUADALUPE BAUTISTA MAZATZI,Femenino,22.0,,Administración,,,SANTA CRUZ TLAXCALA,,2461030709,lupitha.pao.28@gmail.com,Jóvenes,Inserción Laboral,,,Administración,Vinculado
I-00466-00676,PER-0293,JISSEL MARTINEZ NAVA,Femenino,,,Administración,,,TOTOLAC,,2461637080,jissel.nava22@gmail.com,Jóvenes,Inserción Laboral,,,Administración,Vinculado
I-00467-00677,PER-0284,ELISA JUAREZ TEXIS,Femenino,49.0,,Bachillerato,,,TEOLOCHOLCO,,2461217686,jelisa622@gmail.com,Adultos,Inserción Laboral,,,Nivel educativo,Vinculado
I-00468-00678,PER-0296,SARAI SARMIENTO ARMENTA,Femenino,22.0,,Ingeniería Química,,,TOTOLAC,,2462227657,saraisarmiento414@gmail.com,Jóvenes,Inserción Laboral,,,Química y Biotecnología,Vinculado
I-00469-00679,PER-0285,LISSETTE CAMACHO VIXTA,Femenino,29.0,,Administrativo,,,TEOLOCHOLCO,,2462957474,daianna_siten@hotmail.com,Jóvenes,Inserción Laboral,,,Administración,Vinculado
I-00470-00680,PER-0621,COSME XOCHICALE HERNANDEZ,Masculino,23.0,,,,,ZACATELCO,,2462111460,cosmexochicale85@gmail.com,Jóvenes,Inserción Laboral,,,,Vinculado
I-00471-00681,PER-0302,BRENDA DEGANTE DIAZ,Femenino,26.0,,Ingeniería en Negocios y Gestión Empresarial,,,APIZACO,,2412233809,degantediazbrenda@gmail.com,Jóvenes,Inserción Laboral,,,Administración,Vinculado
I-00472-00682,PER-0622,VANESSA GOMEZ TORRES,Femenino,20.0,,Ingeniería Financiera,,,HUAMANTLA,,2462215293,vanegt03@gmail.com,Jóvenes,Inserción Laboral,,,Economía y Finanzas,Vinculado
I-00473-00683,PER-0303,ITZEL BUENAVISTA BUSTAMANTE,Femenino,21.0,,Ingeniería Financiera,,,IXTACUIXTLA DE MARIANO MATAMOROS,,2482082510,itza7102002@gmail.com,Jóvenes,Inserción Laboral,,,Economía y Finanzas,Vinculado
I-00474-00684,PER-0304,EDUARDO LEYVA SANCHEZ,Masculino,25.0,,Administrativo,,,PUEBLA,,2211703678,eduardoleyva306@gmail.com,Jóvenes,Inserción Laboral,,,Administración,Vinculado
I-00475-00685,PER-0623,JOSE ALFREDO CUAUTLE SAUCEDO,Masculino,26.0,,Administrativo,,,PUEBLA,,2224236302,alfre_28@outlook.com,Jóvenes,Inserción Laboral,,,Administración,Vinculado
I-00476-00686,PER-0597,ANA KAREN RAMIRO AQUIAHUATL,Femenino,20.0,,Ingeniería Mecatrónica,,,Indefinido,,2463335471,ramiroaquiahuatl@gmail.com,Jóvenes,Inserción Laboral,,,Mecánica y Mecatrónica,Vinculado
I-00477-00687,PER-0305,MARCOS TEXIS MORALES,Masculino,22.0,,,,,TEOLOCHOLCO,,2462555628,moralestexis112.70@gmail.com,Jóvenes,Inserción Laboral,,,,Vinculado
I-00478-00688,PER-0273,DOLORES VILLORDO SANCHEZ,Femenino,29.0,,Ingeniería en Negocios y Gestión Empresarial,,,ATLANGATEPEC,,2411760734,doloresvillordo.sa@gmail.com,Jóvenes,Inserción Laboral,,,Administración,Vinculado
I-00479-00689,PER-0306,JACQUELINE HERNANDEZ FERNANDEZ,Femenino,20.0,,,,,PUEBLA,,2481250561,kelly03@hgei.gmail.com,Jóvenes,Inserción Laboral,,,,Vinculado
I-00480-00690,PER-0624,Deybi Salamanca Cruz,Masculino,49.0,Media Superior,Sin Información,Indefinido,,APETATITLÁN DE ANTONIO CARVAJAL,,2462505557,dybi.salamanca@gmail.com,Adultos,Inserción Laboral,2026-08-19,2026,indefinido,Vinculado
